"Row_ID","Data_Type","Category_Topic","CEFR_Difficulty","Persian_Farsi","English","Dutch_Nederlands","German_Deutsch","French_Francais","Spanish_Espanol","Italian_Italiano","Arabic","Turkish","Polish","Ukrainian","Target_Text","Target_Language","Pronunciation","Prompt_Scenario","Hint_Grammar_Note"
"1","Vocabulary Word","CAT_OBJECTS","easy","لیوان","Glass","Glas","Glas","Verre","","","كأس","Bardak","Szklanka","Склянка","Glas","nl/en/multi","","",""
"2","Vocabulary Word","CAT_OBJECTS","easy","بشقاب","Plate","Bord","Teller","Assiette","","","صحن","Tabak","Talerz","Тарілка","Bord","nl/en/multi","","",""
"3","Vocabulary Word","CAT_OBJECTS","easy","قاشق","Spoon","Lepel","Löffel","Cuillère","","","ملعقة","Kaşık","Łyżka","Ложка","Lepel","nl/en/multi","","",""
"4","Vocabulary Word","CAT_OBJECTS","easy","چنگال","Fork","Vork","Gabel","Fourchette","","","شوكة","Çatal","Widelec","Виделка","Vork","nl/en/multi","","",""
"5","Vocabulary Word","CAT_OBJECTS","easy","چاقو","Knife","Mes","Messer","Couteau","","","سكين","Bıçak","Nóż","Ніж","Mes","nl/en/multi","","",""
"6","Vocabulary Word","CAT_OBJECTS","easy","قابلمه","Pot","Pan","Topf","Marmite","","","قدر","Tencere","Garnek","Каструля","Pan","nl/en/multi","","",""
"7","Vocabulary Word","CAT_OBJECTS","easy","ماهیتابه","Frying Pan","Koekenpan","Pfanne","Poêle","","","مقلاة","Tava","Patelnia","Сковорідка","Koekenpan","nl/en/multi","","",""
"8","Vocabulary Word","CAT_OBJECTS","easy","یخچال","Fridge","Koelkast","Kühlschrank","Frigo","","","ثلاجة","Buzdolabı","Lodówka","Холодильник","Koelkast","nl/en/multi","","",""
"9","Vocabulary Word","CAT_OBJECTS","easy","فریزر","Freezer","Vriezer","Gefrierschrank","Congélateur","","","مجمد","Dondurucu","Zamrażarka","Морозилка","Vriezer","nl/en/multi","","",""
"10","Vocabulary Word","CAT_OBJECTS","easy","اجاق","Stove","Fornuis","Herd","Cuisinière","","","موقد","Ocak","Kuchenka","Плита","Fornuis","nl/en/multi","","",""
"11","Vocabulary Word","CAT_OBJECTS","easy","فر","Oven","Oven","Ofen","Four","","","فرن","Fırın","Piekarnik","Духовка","Oven","nl/en/multi","","",""
"12","Vocabulary Word","CAT_OBJECTS","easy","مایکروویو","Microwave","Magnetron","Mikrowelle","Micro-ondes","","","مايكرويف","Mikrodalga","Mikrofalówka","Мікрохвильовка","Magnetron","nl/en/multi","","",""
"13","Vocabulary Word","CAT_OBJECTS","easy","سماور","Samovar","Samovar","Samowar","Samovar","","","سموار","Semaver","Samowar","Самовар","Samovar","nl/en/multi","","",""
"14","Vocabulary Word","CAT_OBJECTS","easy","کتری","Kettle","Waterkoker","Wasserkocher","Bouilloire","","","غلاية","Çaydanlık","Czajnik","Чайник","Waterkoker","nl/en/multi","","",""
"15","Vocabulary Word","CAT_OBJECTS","easy","قهوه‌ساز","Coffee Maker","Koffiezetapparaat","Kaffeemaschine","Cafetière","","","ماكينة قهوة","Kahve makinesi","Ekspres do kawy","Кавоварка","Koffiezetapparaat","nl/en/multi","","",""
"16","Vocabulary Word","CAT_OBJECTS","easy","فنجان","Cup","Kopje","Tasse","Tassette","","","فنجان","Fincan","Filiżanka","Філіжанка","Kopje","nl/en/multi","","",""
"17","Vocabulary Word","CAT_OBJECTS","easy","بطری","Bottle","Fles","Flasche","Bouteille","","","زجاجة","Şişe","Butelka","Пляшка","Fles","nl/en/multi","","",""
"18","Vocabulary Word","CAT_OBJECTS","easy","قمقمه","Flask","Veldles","Feldflasche","Gourde","","","زمزمية","Matara","Manierka","Фляга","Veldles","nl/en/multi","","",""
"19","Vocabulary Word","CAT_OBJECTS","easy","سطل","Bucket","Emmer","Eimer","Seau","","","دلو","Kova","Wiadro","Відро","Emmer","nl/en/multi","","",""
"20","Vocabulary Word","CAT_OBJECTS","easy","جارو","Broom","Bezem","Besen","Balai","","","مكنسة","Süpürge","Miotła","Мітла","Bezem","nl/en/multi","","",""
"21","Vocabulary Word","CAT_OBJECTS","easy","صابون","Soap","Zeep","Seife","Savon","","","صابون","Sabun","Mydło","Мило","Zeep","nl/en/multi","","",""
"22","Vocabulary Word","CAT_OBJECTS","easy","شامپو","Shampoo","Shampoo","Shampoo","Shampooing","","","شامبو","Şampuan","Szampon","Шампунь","Shampoo","nl/en/multi","","",""
"23","Vocabulary Word","CAT_OBJECTS","easy","مسواک","Toothbrush","Tandenborstel","Zahnbürste","Brosse à dents","","","فرشاة أسنان","Diş fırçası","Szczoteczka","Зубна щітка","Tandenborstel","nl/en/multi","","",""
"24","Vocabulary Word","CAT_OBJECTS","easy","حوله","Towel","Handdoek","Handtuch","Serviette","","","منشفة","Havlu","Ręcznik","Рушник","Handdoek","nl/en/multi","","",""
"25","Vocabulary Word","CAT_OBJECTS","easy","آینه","Mirror","Spiegel","Spiegel","Miroir","","","مرآة","Ayna","Lustro","Дзеркало","Spiegel","nl/en/multi","","",""
"26","Vocabulary Word","CAT_OBJECTS","easy","شانه","Comb","Kam","Kamm","Peigne","","","مشط","Tarak","Grzebień","Гребінець","Kam","nl/en/multi","","",""
"27","Vocabulary Word","CAT_OBJECTS","easy","سشوار","Hairdryer","Föhn","Föhn","Sèche-cheveux","","","مجفف شعر","Fön","Suszarka","Фен","Föhn","nl/en/multi","","",""
"28","Vocabulary Word","CAT_OBJECTS","easy","کمد","Closet","Kast","Schrank","Armoire","","","خزانة","Dolap","Szafa","Шафа","Kast","nl/en/multi","","",""
"29","Vocabulary Word","CAT_OBJECTS","easy","میز","Table","Tafel","Tisch","Table","","","طاولة","Masa","Stół","Стіл","Tafel","nl/en/multi","","",""
"30","Vocabulary Word","CAT_OBJECTS","easy","صندلی","Chair","Stoel","Stuhl","Chaise","","","كرسي","Sandalye","Krzesło","Стілець","Stoel","nl/en/multi","","",""
"31","Vocabulary Word","CAT_OBJECTS","easy","مبل","Sofa","Bank","Sofa","Canapé","","","أريكة","Kanepe","Kanapa","Диван","Bank","nl/en/multi","","",""
"32","Vocabulary Word","CAT_OBJECTS","easy","تخت","Bed","Bed","Bett","Lit","","","سرير","Yatak","Łóżko","Ліжко","Bed","nl/en/multi","","",""
"33","Vocabulary Word","CAT_OBJECTS","easy","بالش","Pillow","Kussen","Kissen","Oreiller","","","وسادة","Yastık","Poduszka","Подушка","Kussen","nl/en/multi","","",""
"34","Vocabulary Word","CAT_OBJECTS","easy","پتو","Blanket","Deken","Decke","Couverture","","","بطانية","Battaniye","Koc","Ковдра","Deken","nl/en/multi","","",""
"35","Vocabulary Word","CAT_OBJECTS","easy","فرش","Carpet","Tapijt","Teppich","Tapis","","","سجادة","Halı","Dywan","Килим","Tapijt","nl/en/multi","","",""
"36","Vocabulary Word","CAT_OBJECTS","easy","کفش","Shoes","Schoenen","Schuhe","Chaussures","","","حذاء","Ayakkabı","Buty","Взуття","Schoenen","nl/en/multi","","",""
"37","Vocabulary Word","CAT_OBJECTS","easy","کیف","Bag","Tas","Tasche","Sac","","","حقيبة","Çanta","Torba","Сумка","Tas","nl/en/multi","","",""
"38","Vocabulary Word","CAT_OBJECTS","easy","چتر","Umbrella","Paraplu","Regenschirm","Parapluie","","","مظلة","Şemsiye","Parasol","Парасоля","Paraplu","nl/en/multi","","",""
"39","Vocabulary Word","CAT_OBJECTS","easy","عینک","Glasses","Bril","Brille","Lunettes","","","نظارات","Gözlük","Okulary","Окуляри","Bril","nl/en/multi","","",""
"40","Vocabulary Word","CAT_OBJECTS","easy","ساعت","Watch","Horloge","Uhr","Montre","","","ساعة","Saat","Zegarek","Годинник","Horloge","nl/en/multi","","",""
"41","Vocabulary Word","CAT_OBJECTS","easy","تلفن","Telephone","Telefoon","Telefon","Téléphone","","","هاتف","Telefon","Telefon","Телефон","Telefoon","nl/en/multi","","",""
"42","Vocabulary Word","CAT_OBJECTS","easy","کلید","Key","Sleutel","Schlüssel","Clé","","","مفتاح","Anahtar","Klucz","Ключ","Sleutel","nl/en/multi","","",""
"43","Vocabulary Word","CAT_OBJECTS","easy","قفل","Lock","Slot","Schloss","Serrure","","","قفل","Kilit","Zamek","Замок","Slot","nl/en/multi","","",""
"44","Vocabulary Word","CAT_OBJECTS","easy","لامپ","Bulb","Lamp","Glühbirne","Ampoule","","","مصباح","Ampul","Żarówka","Лампочка","Lamp","nl/en/multi","","",""
"45","Vocabulary Word","CAT_OBJECTS","easy","تلویزیون","Television","Televisie","Fernseher","Télévision","","","تلفزيون","Televizyon","Telewizor","Телевізор","Televisie","nl/en/multi","","",""
"46","Vocabulary Word","CAT_OBJECTS","easy","دفتر","Notebook","Schrift","Notizbuch","Cahier","","","دفتر","Defter","Zeszyt","Зошит","Schrift","nl/en/multi","","",""
"47","Vocabulary Word","CAT_OBJECTS","easy","خودکار","Pen","Pen","Kuli","Stylo","","","قلم","Kalem","Długopis","Ручка","Pen","nl/en/multi","","",""
"48","Vocabulary Word","CAT_OBJECTS","easy","مداد","Pencil","Potlood","Bleistift","Crayon","","","مرسام","Kurşun kalem","Ołówek","Олівець","Potlood","nl/en/multi","","",""
"49","Vocabulary Word","CAT_OBJECTS","easy","پاک‌کن","Eraser","Gum","Radiergummi","Gomme","","","ممحاة","Silgi","Gumka","Гумка","Gum","nl/en/multi","","",""
"50","Vocabulary Word","CAT_FOOD","easy","نان","Bread","Brood","Brot","Pain","","","خبز","Ekmek","Chleb","Хліб","Brood","nl/en/multi","","",""
"51","Vocabulary Word","CAT_FOOD","easy","برنج","Rice","Rijst","Reis","Riz","","","أرز","Pirinç","Ryż","Рис","Rijst","nl/en/multi","","",""
"52","Vocabulary Word","CAT_FOOD","easy","ماکارونی","Pasta","Pasta","Pasta","Pâtes","","","معكرونة","Makarna","Makaron","Макарони","Pasta","nl/en/multi","","",""
"53","Vocabulary Word","CAT_FOOD","easy","سیب‌زمینی","Potato","Aardappel","Kartoffel","Pomme de terre","","","بطاطس","Patates","Ziemniak","Картопля","Aardappel","nl/en/multi","","",""
"54","Vocabulary Word","CAT_FOOD","easy","گوجه","Tomato","Tomaat","Tomate","Tomate","","","طماطم","Domates","Pomidor","Помідор","Tomaat","nl/en/multi","","",""
"55","Vocabulary Word","CAT_FOOD","easy","خیار","Cucumber","Komkommer","Gurke","Concombre","","","خيار","Salatalık","Ogórek","Огірок","Komkommer","nl/en/multi","","",""
"56","Vocabulary Word","CAT_FOOD","easy","پیاز","Onion","Ui","Zwiebel","Oignon","","","بصل","Soğan","Cebula","Цибуля","Ui","nl/en/multi","","",""
"57","Vocabulary Word","CAT_FOOD","easy","هویج","Carrot","Wortel","Möhre","Carotte","","","جزر","Havuç","Marchew","Морква","Wortel","nl/en/multi","","",""
"58","Vocabulary Word","CAT_FOOD","easy","گوشت","Meat","Vlees","Fleisch","Viande","","","لحم","Et","Mięso","М'ясо","Vlees","nl/en/multi","","",""
"59","Vocabulary Word","CAT_FOOD","easy","مرغ","Chicken","Kip","Huhn","Poulet","","","دجاج","Tavuk","Kurczak","Курка","Kip","nl/en/multi","","",""
"60","Vocabulary Word","CAT_FOOD","easy","ماهی","Fish","Vis","Fisch","Poisson","","","سمك","Balık","Ryba","Риба","Vis","nl/en/multi","","",""
"61","Vocabulary Word","CAT_FOOD","easy","تخم‌مرغ","Egg","Ei","Ei","Œuf","","","بيض","Yumurta","Jajko","Яйце","Ei","nl/en/multi","","",""
"62","Vocabulary Word","CAT_FOOD","easy","پنیر","Cheese","Kaas","Käse","Fromage","","","جبن","Peynir","Ser","Сир","Kaas","nl/en/multi","","",""
"63","Vocabulary Word","CAT_FOOD","easy","ماست","Yogurt","Yoghurt","Joghurt","Yaourt","","","زبادي","Yoğurt","Jogurt","Йогурт","Yoghurt","nl/en/multi","","",""
"64","Vocabulary Word","CAT_FOOD","easy","شیر","Milk","Melk","Milch","Lait","","","حليب","Süt","Mleko","Молоко","Melk","nl/en/multi","","",""
"65","Vocabulary Word","CAT_FOOD","easy","بستنی","Ice Cream","IJs","Eis","Glace","","","بوظة","Dondurma","Lody","Морозиво","IJs","nl/en/multi","","",""
"66","Vocabulary Word","CAT_FOOD","easy","کیک","Cake","Taart","Kuchen","Gâteau","","","كعك","Pasta","Ciasto","Торт","Taart","nl/en/multi","","",""
"67","Vocabulary Word","CAT_FOOD","easy","شکلات","Chocolate","Chocolade","Schokolade","Chocolat","","","شوكولاتة","Çikolata","Czekolada","Шоколад","Chocolade","nl/en/multi","","",""
"68","Vocabulary Word","CAT_FOOD","easy","موز","Banana","Banaan","Banane","Banane","","","موز","Muz","Banan","Банан","Banaan","nl/en/multi","","",""
"69","Vocabulary Word","CAT_FOOD","easy","سیب","Apple","Appel","Apfel","Pomme","","","تفاحة","Elma","Jabłko","Яблуко","Appel","nl/en/multi","","",""
"70","Vocabulary Word","CAT_FOOD","easy","پرتقال","Orange","Sinaasappel","Orange","Orange","","","برتقال","Portakal","Pomarańcza","Апельсин","Sinaasappel","nl/en/multi","","",""
"71","Vocabulary Word","CAT_FOOD","easy","انار","Pomegranate","Granaatappel","Granatapfel","Grenade","","","رمان","Nar","Granat","Гранат","Granaatappel","nl/en/multi","","",""
"72","Vocabulary Word","CAT_FOOD","easy","انگور","Grape","Druif","Traube","Raisin","","","عنب","Üzüm","Winogrono","Виноград","Druif","nl/en/multi","","",""
"73","Vocabulary Word","CAT_FOOD","easy","هندوانه","Watermelon","Watermeloen","Wassermelone","Pastèque","","","بطيخ","Karpuz","Arbuz","Кавун","Watermeloen","nl/en/multi","","",""
"74","Vocabulary Word","CAT_FOOD","easy","قهوه","Coffee","Koffie","Kaffee","Café","","","قهوة","Kahve","Kawa","Кава","Koffie","nl/en/multi","","",""
"75","Vocabulary Word","CAT_FOOD","easy","چای","Tea","Thee","Tee","Thé","","","شاي","Çay","Herbata","Чай","Thee","nl/en/multi","","",""
"76","Vocabulary Word","CAT_FOOD","easy","پیتزا","Pizza","Pizza","Pizza","Pizza","","","بيتزا","Pizza","Pizza","Піца","Pizza","nl/en/multi","","",""
"77","Vocabulary Word","CAT_FOOD","easy","همبرگر","Hamburger","Hamburger","Hamburger","Hamburger","","","همبرجر","Hamburger","Hamburger","Гамбургер","Hamburger","nl/en/multi","","",""
"78","Vocabulary Word","CAT_FOOD","easy","ساندویچ","Sandwich","Sandwich","Sandwich","Sandwich","","","ساندويتش","Sandviç","Kanapka","Сендвіч","Sandwich","nl/en/multi","","",""
"79","Vocabulary Word","CAT_FOOD","easy","کباب","Kebab","Kebab","Kebab","Kebab","","","كباب","Kebap","Kebab","Кебаб","Kebab","nl/en/multi","","",""
"80","Vocabulary Word","CAT_ANIMALS","easy","سگ","Dog","Hond","Hund","Chien","","","كلب","Köpek","Pies","Собака","Hond","nl/en/multi","","",""
"81","Vocabulary Word","CAT_ANIMALS","easy","گربه","Cat","Kat","Katze","Chat","","","قطة","Kedi","Kot","Кіт","Kat","nl/en/multi","","",""
"82","Vocabulary Word","CAT_ANIMALS","easy","اسب","Horse","Paard","Pferd","Cheval","","","حصان","At","Koń","Кінь","Paard","nl/en/multi","","",""
"83","Vocabulary Word","CAT_ANIMALS","easy","گاو","Cow","Koe","Kuh","Vache","","","بقرة","İnek","Krowa","Корова","Koe","nl/en/multi","","",""
"84","Vocabulary Word","CAT_ANIMALS","easy","گوسفند","Sheep","Schaap","Schaf","Mouton","","","خروف","Koyun","Owca","Вівця","Schaap","nl/en/multi","","",""
"85","Vocabulary Word","CAT_ANIMALS","easy","شتر","Camel","Kameel","Kamel","Chameau","","","جمل","Deve","Wielbłąd","Верблюд","Kameel","nl/en/multi","","",""
"86","Vocabulary Word","CAT_ANIMALS","easy","خرگوش","Rabbit","Konijn","Hase","Lapin","","","أرنب","Tavşan","Królik","Кролик","Konijn","nl/en/multi","","",""
"87","Vocabulary Word","CAT_ANIMALS","easy","خرس","Bear","Beer","Bär","Ours","","","دب","Ayı","Niedźwiedź","Ведмідь","Beer","nl/en/multi","","",""
"88","Vocabulary Word","CAT_ANIMALS","easy","گرگ","Wolf","Wolf","Wolf","Loup","","","ذئب","Kurt","Wilk","Вовк","Wolf","nl/en/multi","","",""
"89","Vocabulary Word","CAT_ANIMALS","easy","روباه","Fox","Vos","Fuchs","Renard","","","ثعلب","Tilki","Lis","Лисиця","Vos","nl/en/multi","","",""
"90","Vocabulary Word","CAT_ANIMALS","easy","شیر","Lion","Leeuw","Löwe","Lion","","","أسد","Aslan","Lew","Лев","Leeuw","nl/en/multi","","",""
"91","Vocabulary Word","CAT_ANIMALS","easy","ببر","Tiger","Tijger","Tiger","Tigre","","","نمر","Kaplan","Tygrys","Тигр","Tijger","nl/en/multi","","",""
"92","Vocabulary Word","CAT_ANIMALS","easy","پلنگ","Leopard","Luipaard","Leopard","Léopard","","","فهد","Pars","Lampart","Леопард","Luipaard","nl/en/multi","","",""
"93","Vocabulary Word","CAT_ANIMALS","easy","فیل","Elephant","Olifant","Elefant","Éléphant","","","فيل","Fil","Słoń","Слон","Olifant","nl/en/multi","","",""
"94","Vocabulary Word","CAT_ANIMALS","easy","زرافه","Giraffe","Giraffe","Giraffe","Girafe","","","زرافة","Zürafa","Żyrafa","Жирафа","Giraffe","nl/en/multi","","",""
"95","Vocabulary Word","CAT_ANIMALS","easy","میمون","Monkey","Aap","Affe","Singe","","","قرد","Maymun","Małpa","Мавпа","Aap","nl/en/multi","","",""
"96","Vocabulary Word","CAT_ANIMALS","easy","تمساح","Crocodile","Krokodil","Krokodil","Crocodile","","","تمساح","Timsah","Krokodyl","Крокодил","Krokodil","nl/en/multi","","",""
"97","Vocabulary Word","CAT_ANIMALS","easy","مار","Snake","Slang","Schlange","Serpent","","","ثعبان","Yılan","Wąż","Змія","Slang","nl/en/multi","","",""
"98","Vocabulary Word","CAT_ANIMALS","easy","کوسه","Shark","Haai","Hai","Requin","","","قرش","Köpekbalığı","Rekin","Акула","Haai","nl/en/multi","","",""
"99","Vocabulary Word","CAT_ANIMALS","easy","دلفین","Dolphin","Delfin","Delfin","Dauphin","","","دلفين","Yunus","Delfin","Дельфін","Delfin","nl/en/multi","","",""
"100","Vocabulary Word","CAT_ANIMALS","easy","نهنگ","Whale","Walvis","Wal","Baleine","","","حوت","Balina","Wieloryb","Кит","Walvis","nl/en/multi","","",""
"101","Vocabulary Word","CAT_ANIMALS","easy","پروانه","Butterfly","Vlinder","Schmetterling","Papillon","","","فراشة","Kelebek","Motyl","Метелик","Vlinder","nl/en/multi","","",""
"102","Vocabulary Word","CAT_ANIMALS","easy","عقاب","Eagle","Arend","Adler","Aigle","","","نسر","Kartal","Orzeł","Орел","Arend","nl/en/multi","","",""
"103","Vocabulary Word","CAT_JOBS","easy","پزشک","Doctor","Arts","Arzt","Médecin","","","طبيب","Doktor","Lekarz","Лікар","Arts","nl/en/multi","","",""
"104","Vocabulary Word","CAT_JOBS","easy","پرستار","Nurse","Verpleegster","Krankenschwester","Infirmière","","","ممرضة","Hemşire","Pielęgniarka","Медсестра","Verpleegster","nl/en/multi","","",""
"105","Vocabulary Word","CAT_JOBS","easy","معلم","Teacher","Leraar","Lehrer","Professeur","","","معلم","Öğretmen","Nauczyciel","Вчитель","Leraar","nl/en/multi","","",""
"106","Vocabulary Word","CAT_JOBS","easy","مهندس","Engineer","Ingenieur","Ingenieur","Ingénieur","","","مهندس","Mühendis","Inżynier","Інженер","Ingenieur","nl/en/multi","","",""
"107","Vocabulary Word","CAT_JOBS","easy","خلبان","Pilot","Piloot","Pilot","Pilote","","","طيار","Pilot","Pilot","Пілот","Piloot","nl/en/multi","","",""
"108","Vocabulary Word","CAT_JOBS","easy","آشپز","Chef","Kok","Koch","Chef","","","طباخ","Aşçı","Kucharz","Кухар","Kok","nl/en/multi","","",""
"109","Vocabulary Word","CAT_JOBS","easy","پلیس","Police","Politie","Polizei","Police","","","شرطة","Polis","Policja","Поліція","Politie","nl/en/multi","","",""
"110","Vocabulary Word","CAT_JOBS","easy","آتش‌نشان","Firefighter","Brandweerman","Feuerwehrmann","Pompier","","","إطفائي","İtfaiyeci","Strażak","Пожежник","Brandweerman","nl/en/multi","","",""
"111","Vocabulary Word","CAT_PLACES","easy","بیمارستان","Hospital","Ziekenhuis","Krankenhaus","Hôpital","","","مستشفى","Hastane","Szpital","Лікарня","Ziekenhuis","nl/en/multi","","",""
"112","Vocabulary Word","CAT_PLACES","easy","دانشگاه","University","Universiteit","Universität","Université","","","جامعة","Üniversite","Uniwersytet","Університет","Universiteit","nl/en/multi","","",""
"113","Vocabulary Word","CAT_PLACES","easy","کتابخانه","Library","Bibliotheek","Bibliothek","Bibliothèque","","","مكتبة","Kütüphane","Biblioteka","Бібліотека","Bibliotheek","nl/en/multi","","",""
"114","Vocabulary Word","CAT_PLACES","easy","سینما","Cinema","Bioscoop","Kino","Cinéma","","","سينما","Sinema","Kino","Кінотеатр","Bioscoop","nl/en/multi","","",""
"115","Vocabulary Word","CAT_PLACES","easy","فرودگاه","Airport","Luchthaven","Flughafen","Aéroport","","","مطار","Havalimanı","Lotnisko","Аеропорт","Luchthaven","nl/en/multi","","",""
"116","Vocabulary Word","CAT_PLACES","easy","جنگل","Forest","Bos","Wald","Forêt","","","غابة","Orman","Las","Ліс","Bos","nl/en/multi","","",""
"117","Vocabulary Word","CAT_PLACES","easy","کوه","Mountain","Berg","Berg","Montagne","","","جبل","Dağ","Góra","Гора","Berg","nl/en/multi","","",""
"118","Vocabulary Word","CAT_PLACES","easy","دریا","Sea","Zee","Meer","Mer","","","بحر","Deniz","Morze","Море","Zee","nl/en/multi","","",""
"119","Vocabulary Word","CAT_VEHICLES","easy","ماشین","Car","Auto","Auto","Voiture","","","سيارة","Araba","Samochód","Машина","Auto","nl/en/multi","","",""
"120","Vocabulary Word","CAT_VEHICLES","easy","اتوبوس","Bus","Bus","Bus","Bus","","","حافلة","Otobüs","Autobus","Автобус","Bus","nl/en/multi","","",""
"121","Vocabulary Word","CAT_VEHICLES","easy","دوچرخه","Bicycle","Fiets","Fahrrad","Vélo","","","دراجة","Bisiklet","Rower","Велосипед","Fiets","nl/en/multi","","",""
"122","Vocabulary Word","CAT_VEHICLES","easy","قطار","Train","Trein","Zug","Train","","","قطار","Tren","Pociąg","Потяг","Trein","nl/en/multi","","",""
"123","Vocabulary Word","CAT_VEHICLES","easy","هواپیما","Airplane","Vliegtuig","Flugzeug","Avion","","","طائرة","Uçak","Samolot","Літак","Vliegtuig","nl/en/multi","","",""
"124","Vocabulary Word","CAT_VEHICLES","easy","کشتی","Ship","Schip","Schiff","Bateau","","","سفينة","Gemi","Statek","Корабель","Schip","nl/en/multi","","",""
"125","Vocabulary Word","CAT_SPORTS","easy","فوتبال","Football","Voetbal","Fußball","Football","","","كرة قدم","Futbol","Piłka nożna","Футбол","Voetbal","nl/en/multi","","",""
"126","Vocabulary Word","CAT_SPORTS","easy","بسکتبال","Basketball","Basketbal","Basketball","Basketball","","","كرة سلة","Basketbol","Koszykówka","Баскетбол","Basketbal","nl/en/multi","","",""
"127","Vocabulary Word","CAT_SPORTS","easy","والیبال","Volleyball","Volleybal","Volleyball","Volleyball","","","كرة طائرة","Voleybol","Siatkówka","Волейбол","Volleybal","nl/en/multi","","",""
"128","Vocabulary Word","CAT_SPORTS","easy","شنا","Swimming","Zwemmen","Schwimmen","Natation","","","سباحة","Yüzme","Pływanie","Плавання","Zwemmen","nl/en/multi","","",""
"129","Vocabulary Word","CAT_SPORTS","easy","شطرنج","Chess","Schaken","Schach","Échecs","","","شطرنج","Satranç","Szachy","Шахи","Schaken","nl/en/multi","","",""
"130","Vocabulary Word","CAT_ENTERTAINMENT","easy","فیلم","Movie","Film","Film","Film","","","فيلم","Film","Film","Фільм","Film","nl/en/multi","","",""
"131","Vocabulary Word","CAT_ENTERTAINMENT","easy","انیمیشن","Animation","Animatie","Animation","Animation","","","رسوم متحركة","Animasyon","Animacja","Анімація","Animatie","nl/en/multi","","",""
"132","Vocabulary Word","CAT_OBJECTS","medium","ماشین لباسشویی","Washing Machine","Wasmachine","Waschmaschine","Machine à laver","","","غسالة ملابس","Çamaşır makinesi","Pralka","Пральна машина","Wasmachine","nl/en/multi","","",""
"133","Vocabulary Word","CAT_OBJECTS","medium","ماشین ظرفشویی","Dishwasher","Vaatwasser","Geschirrspüler","Lave-vaisselle","","","غسالة صحون","Bulaşık makinesi","Zmywarka","Посудомийна машина","Vaatwasser","nl/en/multi","","",""
"134","Vocabulary Word","CAT_OBJECTS","medium","عینک آفتابی","Sunglasses","Zonnebril","Sonnenbrille","Lunettes de soleil","","","نظارات شمسية","Güneş gözlüğü","Okulary słoneczne","Сонцезахисні окуляри","Zonnebril","nl/en/multi","","",""
"135","Vocabulary Word","CAT_OBJECTS","medium","چراغ مطالعه","Desk Lamp","Bureaulamp","Schreibtischlampe","Lampe de bureau","","","مصباح مكتب","Masa lambası","Lampka biurkowa","Настільна лампа","Bureaulamp","nl/en/multi","","",""
"136","Vocabulary Word","CAT_OBJECTS","medium","کنترل تلویزیون","TV Remote","Afstandsbediening","Fernbedienung","Télécommande TV","","","ريموت تلفزيون","TV kumandası","Pilot do TV","Пульт телевізора","Afstandsbediening","nl/en/multi","","",""
"137","Vocabulary Word","CAT_OBJECTS","medium","ساعت مچی","Wrist Watch","Horloge","Armbanduhr","Montre-bracelet","","","ساعة يد","Kol saati","Zegarek na rękę","Наручний годинник","Horloge","nl/en/multi","","",""
"138","Vocabulary Word","CAT_OBJECTS","medium","مسواک برقی","Electric Toothbrush","Elektrische tandenborstel","Elektrische Zahnbürste","Brosse à dents électrique","","","فرشاة أسنان كهربائية","Elektrikli diş fırçası","Szczoteczka elektryczna","Електрична зубна щітка","Elektrische tandenborstel","nl/en/multi","","",""
"139","Vocabulary Word","CAT_OBJECTS","medium","جاروبرقی شارژی","Cordless Vacuum","Draadloze stofzuiger","Kabelloser Staubsauger","Aspirateur sans fil","","","مكنسة لاسلكية","Şarjlı süpürge","Odkurzacz bezprzewodowy","Акумуляторний пилосос","Draadloze stofzuiger","nl/en/multi","","",""
"140","Vocabulary Word","CAT_OBJECTS","medium","کارت بانکی","Bank Card","Bankpas","Bankkarte","Carte bancaire","","","بطاقة بنكية","Banka kartı","Karta bankowa","Банківська карта","Bankpas","nl/en/multi","","",""
"141","Vocabulary Word","CAT_OBJECTS","medium","چتر بارانی","Rain Umbrella","Regenparaplu","Regenschirm","Parapluie de pluie","","","مظلة مطر","Yağmur şemsiyesi","Parasol przeciwdeszczowy","Парасоля від дощу","Regenparaplu","nl/en/multi","","",""
"142","Vocabulary Word","CAT_OBJECTS","medium","دستمال کاغذی","Paper Towel","Keukenpapier","Papiertuch","Essuie-tout","","","مناديل ورقية","Kağıt havlu","Ręcznik papierowy","Паперовий рушник","Keukenpapier","nl/en/multi","","",""
"143","Vocabulary Word","CAT_OBJECTS","medium","مداد رنگی","Colored Pencil","Kleurpotlood","Buntstift","Crayon de couleur","","","قلم تلوين","Kuru boya","Kredka","Кольоровий олівець","Kleurpotlood","nl/en/multi","","",""
"144","Vocabulary Word","CAT_OBJECTS","medium","دفتر نقاشی","Drawing Pad","Tekenblok","Zeichenblock","Cahier de dessin","","","دفتر رسم","Resim defteri","Blok rysunkowy","Альбом для малювання","Tekenblok","nl/en/multi","","",""
"145","Vocabulary Word","CAT_OBJECTS","medium","کفش ورزشی","Running Shoes","Hardloopschoenen","Laufschuhe","Chaussures de sport","","","حذاء رياضي","Spor ayakkabı","Buty sportowe","Кросівки","Hardloopschoenen","nl/en/multi","","",""
"146","Vocabulary Word","CAT_OBJECTS","medium","کوله‌پشتی مسافرتی","Travel Backpack","Reisrugzak","Reiserucksack","Sac à dos de voyage","","","حقيبة سفر ظهر","Seyahat sırt çantası","Plecak podróżny","Туристичний рюкзак","Reisrugzak","nl/en/multi","","",""
"147","Vocabulary Word","CAT_OBJECTS","medium","پنکه سقفی","Ceiling Fan","Plafondventilator","Deckenventilator","Ventilateur de plafond","","","مروحة سقف","Tavan vantilatörü","Wentylator sufitowy","Стельовий вентилятор","Plafondventilator","nl/en/multi","","",""
"148","Vocabulary Word","CAT_OBJECTS","medium","بخاری گازی","Gas Heater","Gaskachel","Gasheizung","Chauffage au gaz","","","مدفأة غاز","Doğalgaz sobası","Piecyk gazowy","Газовий обігрівач","Gaskachel","nl/en/multi","","",""
"149","Vocabulary Word","CAT_OBJECTS","medium","اتو بخار","Steam Iron","Strijkijzer","Dampfbügeleisen","Fer à repasser vapeur","","","مكواة بخار","Buharlı ütü","Żelazko parowe","Парова праска","Strijkijzer","nl/en/multi","","",""
"150","Vocabulary Word","CAT_FOOD","medium","آب انار","Pomegranate Juice","Granaatappelsap","Granatapfelsaft","Jus de grenade","","","عصير رمان","Nar suyu","Sok z granatu","Гранатовий сік","Granaatappelsap","nl/en/multi","","",""
"151","Vocabulary Word","CAT_FOOD","medium","بستنی شکلاتی","Chocolate Ice Cream","Chocolade-ijs","Schokoladeneis","Glace au chocolat","","","آيس كريم شوكولاتة","Çikolatalı dondurma","Lody czekoladowe","Шоколадне морозиво","Chocolade-ijs","nl/en/multi","","",""
"152","Vocabulary Word","CAT_FOOD","medium","چای نبات","Rock Candy Tea","Thee met kandij","Kandistee","Thé au sucre candi","","","شاي بنبات","Nöbet şekerli çay","Herbata z kandyzem","Чай з кристалічним цукром","Thee met kandij","nl/en/multi","","",""
"153","Vocabulary Word","CAT_FOOD","medium","قهوه اسپرسو","Espresso Coffee","Espresso","Espresso","Café expresso","","","قهوة إسبريسو","Espresso kahve","Kawa espresso","Кава еспресо","Espresso","nl/en/multi","","",""
"154","Vocabulary Word","CAT_FOOD","medium","سیب‌زمینی سرخ‌کرده","French Fries","Patat","Pommes frites","Frites","","","بطاطس مقلية","Patates kızartması","Frytki","Картопля фрі","Patat","nl/en/multi","","",""
"155","Vocabulary Word","CAT_FOOD","medium","پیتزا مخصوص","Special Pizza","Speciale pizza","Spezialpizza","Pizza spéciale","","","بيتزا خاصة","Özel pizza","Pizza specjalna","Фірмова піца","Speciale pizza","nl/en/multi","","",""
"156","Vocabulary Word","CAT_FOOD","medium","کباب کوبیده","Kebab Skewer","Kebabspies","Kebabspieß","Brochette de kebab","","","كباب مشوي","Adana kebap","Szaszłyk kebab","Люля-кебаб","Kebabspies","nl/en/multi","","",""
"157","Vocabulary Word","CAT_FOOD","medium","جوجه کباب","Grilled Chicken","Gegrilde kip","Gegrilltes Hähnchen","Poulet grillé","","","دجاج مشوي","Tavuk şiş","Kurczak z grilla","Шашлик з курки","Gegrilde kip","nl/en/multi","","",""
"158","Vocabulary Word","CAT_FOOD","medium","سالاد فصل","Garden Salad","Seizoenssalade","Gartensalat","Salade de saison","","","سلطة خضراء","Mevsim salatası","Sałatka wiosenna","Сезонний салат","Seizoenssalade","nl/en/multi","","",""
"159","Vocabulary Word","CAT_FOOD","medium","شیر کاکائو","Chocolate Milk","Chocolademelk","Schokomilch","Lait au chocolat","","","حليب بالشوكولاتة","Kakaolu süt","Mleko czekoladowe","Шоколадне молоко","Chocolademelk","nl/en/multi","","",""
"160","Vocabulary Word","CAT_FOOD","medium","نان سنگک","Flatbread","Platbrood","Fladenbrot","Pain plat","","","خبز تنور","Lavaş ekmeği","Chleb pita","Традиційний хліб","Platbrood","nl/en/multi","","",""
"161","Vocabulary Word","CAT_FOOD","medium","ساندویچ هات‌داگ","Hot Dog","Hotdog","Hotdog","Hot-dog","","","هوت دوج","Sosisli sandviç","Hot dog","Хот-дог","Hotdog","nl/en/multi","","",""
"162","Vocabulary Word","CAT_FOOD","medium","تخم‌مرغ نیمرو","Fried Egg","Gebakken ei","Spiegelei","Œuf sur le plat","","","بيض عيون","Sahanda yumurta","Jajko sadzone","Яєчня","Gebakken ei","nl/en/multi","","",""
"163","Vocabulary Word","CAT_FOOD","medium","ماست و خیار","Cucumber Yogurt","Komkommeryoghurt","Gurkenjoghurt","Yaourt au concombre","","","لبن بالخيار","Cacık","Tzatziki","Йогурт з огірком","Komkommeryoghurt","nl/en/multi","","",""
"164","Vocabulary Word","CAT_FOOD","medium","مربای آلبالو","Sour Cherry Jam","Kersenjam","Sauerkirschmarmelade","Confiture de griottes","","","مربى كرز","Vişne reçeli","Dżem wiśniowy","Вишневе варення","Kersenjam","nl/en/multi","","",""
"165","Vocabulary Word","CAT_FOOD","medium","پاستا آلفردو","Pasta Alfredo","Pasta Alfredo","Pasta Alfredo","Pâtes Alfredo","","","باستا ألفريدو","Alfredo makarna","Makaron Alfredo","Паста Альфредо","Pasta Alfredo","nl/en/multi","","",""
"166","Vocabulary Word","CAT_FOOD","medium","چیپس نمکی","Potato Chips","Aardappelchips","Kartoffelchips","Chips salées","","","رقائق بطاطس","Patates cipsi","Chipsy solone","Солоні чипси","Aardappelchips","nl/en/multi","","",""
"167","Vocabulary Word","CAT_ANIMALS","medium","شیر جنگل","Lion King","Koning der dieren","König der Tiere","Roi des animaux","","","ملك الغابة","Ormanlar kralı","Król zwierząt","Цар звірів","Koning der dieren","nl/en/multi","","",""
"168","Vocabulary Word","CAT_ANIMALS","medium","خرس قطبی","Polar Bear","IJsbeer","Eisbär","Ours polaire","","","دب قطبي","Kutup ayısı","Niedźwiedź polarny","Білий ведмідь","IJsbeer","nl/en/multi","","",""
"169","Vocabulary Word","CAT_ANIMALS","medium","گربه ملوس","Fluffy Cat","Lieve kat","Kätzchen","Chat mignon","","","قطة أليفة","Sevimli kedi","Puszysty kot","Пухнастий кіт","Lieve kat","nl/en/multi","","",""
"170","Vocabulary Word","CAT_ANIMALS","medium","سگ نگهبان","Guard Dog","Waakhond","Wachhund","Chien de garde","","","كلب حراسة","Bekçi köpeği","Pies stróżujący","Сторожовий собака","Waakhond","nl/en/multi","","",""
"171","Vocabulary Word","CAT_ANIMALS","medium","فیل آسیایی","Asian Elephant","Aziatische olifant","Asiatischer Elefant","Éléphant d'Asie","","","فيل آسيوي","Asya fili","Słoń indyjski","Азійський слон","Aziatische olifant","nl/en/multi","","",""
"172","Vocabulary Word","CAT_ANIMALS","medium","زنبور عسل","Honey Bee","Honingbij","Honigbiene","Abeille à miel","","","نحلة العسل","Bal arısı","Pszczoła miodna","Медоносна бджола","Honingbij","nl/en/multi","","",""
"173","Vocabulary Word","CAT_ANIMALS","medium","عقاب طلایی","Golden Eagle","Steenarend","Steinadler","Aigle royal","","","عقاب ذهبي","Kaya kartalı","Orzeł przedni","Беркут","Steenarend","nl/en/multi","","",""
"174","Vocabulary Word","CAT_ANIMALS","medium","نهنگ قاتل","Killer Whale","Orka","Schwertwal","Orque","","","حوت قاتل","Katil balina","Orka","Косатка","Orka","nl/en/multi","","",""
"175","Vocabulary Word","CAT_ANIMALS","medium","ماهی قرمز","Goldfish","Goudvis","Goldfisch","Poisson rouge","","","سمكة ذهبية","Japon balığı","Złota rybka","Золота рибка","Goudvis","nl/en/multi","","",""
"176","Vocabulary Word","CAT_ANIMALS","medium","مار زنگی","Rattlesnake","Ratelslang","Klapperschlange","Serpent à sonnette","","","أفعى مجلجلة","Çıngıraklı yılan","Grzechotnik","Гримуча змія","Ratelslang","nl/en/multi","","",""
"177","Vocabulary Word","CAT_ANIMALS","medium","روباه مکار","Clever Fox","Slimme vos","Schlauer Fuchs","Renard rusé","","","ثعلب ماكر","Kurnaz tilki","Chytry lis","Хитра лисиця","Slimme vos","nl/en/multi","","",""
"178","Vocabulary Word","CAT_ANIMALS","medium","اسب سفید","White Horse","Wit paard","Weißes Pferd","Cheval blanc","","","حصان أبيض","Beyaz at","Biały koń","Білий кінь","Wit paard","nl/en/multi","","",""
"179","Vocabulary Word","CAT_JOBS","medium","پزشک جراح","Surgeon Doctor","Chirurg","Chirurg","Chirurgien","","","طبيب جراح","Cerrah","Chirurg","Лікар-хірург","Chirurg","nl/en/multi","","",""
"180","Vocabulary Word","CAT_JOBS","medium","معلم ریاضی","Math Teacher","Wiskundeleraar","Mathelehrer","Professeur de maths","","","معلم رياضيات","Matematik öğretmeni","Nauczyciel matematyki","Вчитель математики","Wiskundeleraar","nl/en/multi","","",""
"181","Vocabulary Word","CAT_JOBS","medium","خلبان مسافربری","Airline Pilot","Verkeersvlieger","Verkehrspilot","Pilote de ligne","","","طيار مدني","Yolcu uçağı pilotu","Pilot pasażerski","Пілот цивільної авіації","Verkeersvlieger","nl/en/multi","","",""
"182","Vocabulary Word","CAT_JOBS","medium","پلیس راهنمایی","Traffic Police","Verkeerspolitie","Verkehrspolizei","Police de la route","","","شرطة المرور","Trafik polisi","Policja drogowa","Дорожня поліція","Verkeerspolitie","nl/en/multi","","",""
"183","Vocabulary Word","CAT_JOBS","medium","آتش‌نشان فداکار","Brave Firefighter","Dappere brandweerman","Mutiger Feuerwehrmann","Pompier courageux","","","إطفائي شجاع","Cesur itfaiyeci","Dzielny strażak","Мужній рятувальник","Dappere brandweerman","nl/en/multi","","",""
"184","Vocabulary Word","CAT_JOBS","medium","دندان‌پزشک کودکان","Pediatric Dentist","Kindertandarts","Kinderzahnarzt","Dentiste pour enfants","","","طبيب أسنان أطفال","Çocuk diş hekimi","Dentysta dziecięcy","Дитячий стоматолог","Kindertandarts","nl/en/multi","","",""
"185","Vocabulary Word","CAT_PLACES","medium","شهربازی سرپوشیده","Indoor Theme Park","Overdekt pretpark","Indoor-Freizeitpark","Parc d'attractions couvert","","","مدينة ملاهي مغلقة","Kapalı tema parkı","Zadaszony park rozrywki","Критий парк розваг","Overdekt pretpark","nl/en/multi","","",""
"186","Vocabulary Word","CAT_PLACES","medium","هتل پنج‌ستاره","Five Star Hotel","Vijfsterrenhotel","Fünf-Sterne-Hotel","Hôtel cinq étoiles","","","فندق خمس نجوم","Beş yıldızlı otel","Hotel pięciogwiazdkowy","П'ятизірковий готель","Vijfsterrenhotel","nl/en/multi","","",""
"187","Vocabulary Word","CAT_PLACES","medium","ایستگاه قطار","Train Station","Treinstation","Bahnhof","Gare ferroviaire","","","محطة قطار","Tren istasyonu","Stacja kolejowa","Залізничний вокзал","Treinstation","nl/en/multi","","",""
"188","Vocabulary Word","CAT_PLACES","medium","استخر شنا","Swimming Pool","Zwembad","Schwimmbad","Piscine","","","مسبح","Yüzme havuzu","Basen pływacki","Басейн","Zwembad","nl/en/multi","","",""
"189","Vocabulary Word","CAT_PLACES","medium","سینمای سه‌بعدی","3D Cinema","3D-bioscoop","3D-Kino","Cinéma 3D","","","سينما ثلاثية الأبعاد","3D Sinema","Kino 3D","3D Кінотеатр","3D-bioscoop","nl/en/multi","","",""
"190","Vocabulary Word","CAT_PLACES","medium","ساحل شنی","Sandy Beach","Zandstrand","Sandstrand","Plage de sable","","","شاطئ رملي","Kumsal","Piaszczysta plaża","Піщаний пляж","Zandstrand","nl/en/multi","","",""
"191","Vocabulary Word","CAT_VEHICLES","medium","ماشین مسابقه‌ای","Racing Car","Raceauto","Rennwagen","Voiture de course","","","سيارة سباق","Yarış arabası","Samochód wyścigowy","Гоночна машина","Raceauto","nl/en/multi","","",""
"192","Vocabulary Word","CAT_VEHICLES","medium","قطار سریع‌السیر","Bullet Train","Hogesnelheidstrein","Hochgeschwindigkeitszug","Train à grande vitesse","","","قطار فائق السرعة","Hızlı tren","Pociąg ekspresowy","Швидкісний потяг","Hogesnelheidstrein","nl/en/multi","","",""
"193","Vocabulary Word","CAT_VEHICLES","medium","دوچرخه دنده‌ای","Mountain Bike","Mountainbike","Mountainbike","Vélo tout terrain","","","دراجة جبلية","Dağ bisikleti","Rower górski","Гірський велосипед","Mountainbike","nl/en/multi","","",""
"194","Vocabulary Word","CAT_VEHICLES","medium","اتوبوس دوطبقه","Double Decker Bus","Dubbeldekker","Doppeldeckerbus","Bus à impériale","","","حافلة ذات طابقين","Çift katlı otobüs","Autobus piętrowy","Двоповерховий автобус","Dubbeldekker","nl/en/multi","","",""
"195","Vocabulary Word","CAT_VEHICLES","medium","قایق موتوری","Motorboat","Motorboot","Motorboot","Bateau à moteur","","","قارب بمحرك","Sürat teknesi","Motorówka","Моторний човен","Motorboot","nl/en/multi","","",""
"196","Vocabulary Word","CAT_VEHICLES","medium","کشتی تفریحی","Cruise Ship","Cruiseschip","Kreuzfahrtschiff","Navire de croisière","","","سفينة سياحية","Kruvaziyer gemisi","Statek wycieczkowy","Круїзний лайнер","Cruiseschip","nl/en/multi","","",""
"197","Vocabulary Word","CAT_SPORTS","medium","والیبال ساحلی","Beach Volleyball","Beachvolleybal","Beachvolleyball","Beach-volley","","","كرة طائرة شاطئية","Plaj voleybolu","Siatkówka plażowa","Пляжний волейбол","Beachvolleybal","nl/en/multi","","",""
"198","Vocabulary Word","CAT_SPORTS","medium","تنیس روی‌میز","Table Tennis","Tafeltennis","Tischtennis","Tennis de table","","","تنس طاولة","Masa tenisi","Tenis stołowy","Настільний теніс","Tafeltennis","nl/en/multi","","",""
"199","Vocabulary Word","CAT_SPORTS","medium","شطرنج سرعتی","Speed Chess","Snelschaak","Blitzschach","Échecs rapides","","","شطرنج سريع","Yıldırım satranç","Szachy błyskawiczne","Швидкі шахи","Snelschaak","nl/en/multi","","",""
"200","Vocabulary Word","CAT_SPORTS","medium","کشتی آزاد","Freestyle Wrestling","Vrije stijl worstelen","Freistilringen","Lutte libre","","","مصارعة حرة","Serbest güreş","Zapasy w stylu wolnym","Вільна боротьба","Vrije stijl worstelen","nl/en/multi","","",""
"201","Vocabulary Word","CAT_ENTERTAINMENT","medium","فیلم کمدی","Comedy Film","Komediefilm","Komödie","Comédie","","","فيلم كوميدي","Komedi filmi","Komedia","Комедійний фільм","Komediefilm","nl/en/multi","","",""
"202","Vocabulary Word","CAT_ENTERTAINMENT","medium","کنسرت موسیقی","Music Concert","Muziekconcert","Musikkonzert","Concert de musique","","","حفل موسيقي","Müzik konseri","Koncert muzyczny","Музичний концерт","Muziekconcert","nl/en/multi","","",""
"203","Vocabulary Word","CAT_ENTERTAINMENT","medium","بازی رایانه‌ای","Video Game","Computerspel","Videospiel","Jeu vidéo","","","لعبة فيديو","Video oyunu","Gra wideo","Відеогра","Computerspel","nl/en/multi","","",""
"204","Vocabulary Word","CAT_ENTERTAINMENT","hard","جوجه را آخر پاییز می‌شمارند","Don't count your chickens before they hatch","Prijs de dag niet voor het avond is","Man soll den Tag nicht vor dem Abend loben","Il ne faut pas vendre la peau de l'ours","","","لا تعد فراخك قبل أن تفقس","Dereyi görmeden paçaları sıvama","Nie chwal dnia przed zachodem słońca","Курчат по осені рахують","Prijs de dag niet voor het avond is","nl/en/multi","","",""
"205","Vocabulary Word","CAT_ENTERTAINMENT","hard","دست بالای دست بسیار است","There is always a bigger fish","Boven baas is altijd baas","Es gibt immer einen Größeren","Il y a toujours plus fort que soi","","","فوق كل ذي علم عليم","El elden üstündür","Zawsze znajdzie się ktoś lepszy","Завжди є хтось сильніший","Boven baas is altijd baas","nl/en/multi","","",""
"206","Vocabulary Word","CAT_ENTERTAINMENT","hard","آشپز که دوتا شد غذا یا شور می‌شود یا بی‌نمک","Too many cooks spoil the broth","Te veel koks bederven de brij","Viele Köche verderben den Brei","Trop de cuisiniers gâtent la sauce","","","كثرة الطباخين تحرق الطبخة","Horozu çok olan köyün sabahı geç olur","Gdzie kucharek sześć tam nie ma co jeść","Де багато кухарів там юшка пересолена","Te veel koks bederven de brij","nl/en/multi","","",""
"207","Vocabulary Word","CAT_ENTERTAINMENT","hard","شتر دیدی ندیدی","Keep it under your hat","Houd het stil","Schweig wie ein Grab","Motus et bouche cousue","","","شاهدت الجمل ولم تره","Gördüm deme duydum deme","Trzymaj język za zębami","Тримай язик за зубами","Houd het stil","nl/en/multi","","",""
"208","Vocabulary Word","CAT_ENTERTAINMENT","hard","با یک گل بهار نمی‌شود","One swallow does not make a summer","Eén zwaluw maakt nog geen zomer","Eine Schwalbe macht noch keinen Sommer","Une hirondelle ne fait pas le printemps","","","يد واحدة لا تصفق","Bir çiçekle bahar gelmez","Jedna jaskółka wiosny nie czyni","Одна ластівка весни не робить","Eén zwaluw maakt nog geen zomer","nl/en/multi","","",""
"209","Vocabulary Word","CAT_ENTERTAINMENT","hard","سنگ بزرگ علامت نزدن است","Biting off more than you can chew","Te veel hooi op de vork nemen","Sich zu viel vornehmen","Qui trop embrasse mal étreint","","","من يطلب الكثير يعجز","Büyük lokma ye büyük söz söyleme","Porywać się z motyką na słońce","Брати непосильну ношу","Te veel hooi op de vork nemen","nl/en/multi","","",""
"210","Vocabulary Word","CAT_ENTERTAINMENT","hard","گرگ در لباس میش","Wolf in sheep's clothing","Wolf in schaapskleren","Wolf im Schafspelz","Loup déguisé en agneau","","","ذئب في ثوب حمل","Kuzu postuna bürünmüş kurt","Wilk w owczej skórze","Вовк в овечій шкурі","Wolf in schaapskleren","nl/en/multi","","",""
"211","Vocabulary Word","CAT_ENTERTAINMENT","hard","آب در هاون کوبیدن","Beating a dead horse","Water naar zee dragen","Eulen nach Athen tragen","Donner des coups d'épée dans l'eau","","","النفخ في رماد","Havanda su dövmek","Rzucać grochem o ścianę","Товкти воду в ступі","Water naar zee dragen","nl/en/multi","","",""
"212","Vocabulary Word","CAT_ENTERTAINMENT","hard","مثل آب خوردن","Piece of cake","Een eitje","Ein Kinderspiel","Simple comme bonjour","","","شربة ماء","Çocuk oyuncağı","Bułka z masłem","Простіше простого","Een eitje","nl/en/multi","","",""
"213","Vocabulary Word","CAT_ENTERTAINMENT","hard","کبوتر با کبوتر باز با باز","Birds of a feather flock together","Soort zoekt soort","Gleich und Gleich gesellt sich gern","Qui se ressemble s'assemble","","","الطيور على أشكالها تقع","Davul bile dengi dengine çalar","Ciągnie swój do swego","Свій до свого по своє","Soort zoekt soort","nl/en/multi","","",""
"214","Vocabulary Word","CAT_ENTERTAINMENT","hard","مار گزیده از ریسمان سیاه و سفید می‌ترسد","Once bitten, twice shy","Een gewaarschuwd mens telt voor twee","Gebranntes Kind scheut das Feuer","Chat échaudé craint l'eau froide","","","الملدوغ يخاف من الحبل","Sütten ağzı yanan yoğurdu üfleyerek yer","Kto się raz sparzył na zimne dmucha","Вчений собака й мухи боїться","Een gewaarschuwd mens telt voor twee","nl/en/multi","","",""
"215","Vocabulary Word","CAT_ENTERTAINMENT","hard","کوه به کوه نمی‌رسد آدم به آدم می‌رسد","Friends may meet, but mountains never greet","Men komt elkaar altijd weer tegen","Man trifft sich immer zweimal im Leben","Il n'y a que les montagnes qui ne se croisent pas","","","الجبال لا تلتقي لكن البشر يلتقون","Dağ dağa kavuşmaz insan insana kavuşur","Góra z górą się nie zejdzie a człowiek z człowiekiem tak","Гора з горою не сходиться а людина з людиною зійдеться","Men komt elkaar altijd weer tegen","nl/en/multi","","",""
"216","Vocabulary Word","CAT_ENTERTAINMENT","hard","هر که بامش بیش برفش بیشتر","Mo' money, mo' problems","Hoge bomen vangen veel wind","Großer Besitz bringt große Sorgen","Grande fortune, grands soucis","","","من كثر ماله كثرت همومه","Büyük başın derdi büyük olur","Większy majątek, większy kłopot","Більше добра, більше клопоту","Hoge bomen vangen veel wind","nl/en/multi","","",""
"217","Vocabulary Word","CAT_ENTERTAINMENT","hard","فیل هوا کردن","Doing the impossible","Het onmogelijke presteren","Das Unmögliche vollbringen","Décrocher la lune","","","صنع المعجزات المستحيلة","İmkânsızı başarmak","Dokonać niemożliwego","Зробити неможливе","Het onmogelijke presteren","nl/en/multi","","",""
"218","Vocabulary Word","CAT_ENTERTAINMENT","hard","شاهنامه آخرش خوش است","All is well that ends well","Eind goed, al goed","Ende gut, alles gut","Tout est bien qui finit bien","","","العبرة بالخواتيم","Son gülen iyi güler","Wszystko dobre co się dobrze kończy","Все добре, що добре закінчується","Eind goed, al goed","nl/en/multi","","",""
"219","Vocabulary Word","CAT_OBJECTS","hard","مسواک برقی هوشمند شارژی","Smart Rechargeable Electric Toothbrush","Slimme oplaadbare elektrische tandenborstel","Smarte wiederaufladbare Elektrozahnbürste","Brosse à dents électrique intelligente","","","فرشاة أسنان ذكية قابلة للشحن","Akıllı şarjlı elektrikli diş fırçası","Inteligentna szczoteczka soniczna","Розумна електрична зубна щітка","Slimme oplaadbare elektrische tandenborstel","nl/en/multi","","",""
"220","Vocabulary Word","CAT_OBJECTS","hard","چراغ راهنمایی و رانندگی چهارراه","Four-Way Intersection Traffic Light","Verkeerslicht op een kruispunt","Ampel an einer Kreuzung","Feu tricolore de carrefour","","","إشارة مرور عند تقاطع الطرق","Dörtyol kavşağı trafik ışığı","Sygnalizacja świetlna na skrzyżowaniu","Світлофор на перехресті","Verkeerslicht op een kruispunt","nl/en/multi","","",""
"221","Vocabulary Word","CAT_OBJECTS","hard","کوله‌پشتی کوهنوردی ضدآب","Waterproof Alpine Hiking Backpack","Waterdichte wandelrugzak","Wasserdichter Wanderrucksack","Sac à dos étanche de randonnée","","","حقيبة ظهر جبلية مقاومة للماء","Su geçirmez dağcı sırt çantası","Wodoodporny plecak trekkingowy","Водонепроникний туристичний рюкзак","Waterdichte wandelrugzak","nl/en/multi","","",""
"222","Vocabulary Word","CAT_OBJECTS","hard","عینک آفتابی با فریم طلایی","Gold-Framed Designer Sunglasses","Zonnebril met gouden montuur","Sonnenbrille mit Goldrahmen","Lunettes de soleil à monture dorée","","","نظارات شمسية بإطار ذهبي","Altın çerçeveli güneş gözlüğü","Okulary przeciwsłoneczne ze złotą oprawką","Сонцезахисні окуляри в золотій оправі","Zonnebril met gouden montuur","nl/en/multi","","",""
"223","Vocabulary Word","CAT_OBJECTS","hard","کتاب رمان قطور پانصد صفحه‌ای","Five-Hundred-Page Novel Book","Dikke roman van 500 pagina's","Dicker Roman mit 500 Seiten","Gros roman de cinq cents pages","","","رواية ضخمة من خمسمائة صفحة","Beş yüz sayfalık kalın roman","Gruba powieść na pięćset stron","Товстий роман на 500 сторінок","Dikke roman van 500 pagina's","nl/en/multi","","",""
"224","Vocabulary Word","CAT_FOOD","hard","بستنی قیفی وانیلی با شکلات","Vanilla Soft Cone with Chocolate","Vanille softijs met chocoladesaus","Softeis Vanille mit Schokoglasur","Cornet vanille nappé de chocolat","","","آيس كريم فانيليا مغطى بالشوكولاتة","Çikolata kaplı vanilyalı külah","Lody waniliowe w polewie czekoladowej","Ванільне морозиво в шоколадній глазурі","Vanille softijs met chocoladesaus","nl/en/multi","","",""
"225","Vocabulary Word","CAT_FOOD","hard","فنجان چای داغ با لیمو و نبات","Hot Tea with Lemon and Rock Candy","Hete thee met citroen en kandij","Heißer Tee mit Zitrone und Kandis","Thé chaud au citron et sucre candi","","","كوب شاي ساخن بالليمون والنبات","Limonlu ve nöbet şekerli sıcak çay","Gorąca herbata z cytryną i cukrem","Гарячий чай з лимоном і кристалічним цукром","Hete thee met citroen en kandij","nl/en/multi","","",""
"226","Vocabulary Word","CAT_FOOD","hard","پیتزای بزرگ مخصوص با قارچ و پنیر","Extra Large Cheese and Mushroom Pizza","Grote pizza met champignons en kaas","Große Pizza mit Pilzen und Käse","Grande pizza au fromage et champignons","","","بيتزا كبيرة بالفطر والجبن الإضافي","Bol mantarlı ve peynirli büyük pizza","Duża pizza z pieczarkami i serem","Велика фірмова піца з грибами та сиром","Grote pizza met champignons en kaas","nl/en/multi","","",""
"227","Vocabulary Word","CAT_FOOD","hard","کیک تولد شکلاتی چند طبقه با شمع","Multi-Layer Chocolate Birthday Cake","Chocolade verjaardagstaart met kaarsjes","Mehrstöckige Schoko-Geburtstagstorte","Gâteau d'anniversaire au chocolat à étages","","","كعكة عيد ميلاد شوكولاتة مع شموع","Mumları yanan katlı çikolatalı pasta","Piętrowy tort czekoladowy ze świeczkami","Багатоярусний шоколадний торт зі свічками","Chocolade verjaardagstaart met kaarsjes","nl/en/multi","","",""
"228","Vocabulary Word","CAT_FOOD","hard","خورشت سنتی قورمه‌سبزی با برنج زعفرانی","Traditional Herb Stew with Saffron Rice","Traditionele kruidenstoof met saffraanrijst","Traditioneller Kräutereintopf mit Safranreis","Ragoût traditionnel d'herbes au riz safrané","","","مرق الأعشاب التقليدي مع أرز الزعفران","Safranlı pilav eşliğinde geleneksel güveç","Tradycyjny gulasz ziołowy z ryżem szafranowym","Традиційне трав'яне рагу з шафрановим рисом","Traditionele kruidenstoof met saffraanrijst","nl/en/multi","","",""
"229","Vocabulary Word","CAT_ANIMALS","hard","شیر درنده در دشت‌های آفریقا","Roaring Lion on the African Savannah","Brullende leeuw op de Afrikaanse savanne","Brüllender Löwe in der afrikanischen Savanne","Lion rugissant dans la savane africaine","","","أسد مفترس في سهول أفريقيا","Afrika savanalarında kükreyen aslan","Ryczący lew na afrykańskiej sawannie","Грізний лев в африканській савані","Brullende leeuw op de Afrikaanse savanne","nl/en/multi","","",""
"230","Vocabulary Word","CAT_ANIMALS","hard","پنگوئن امپراتور در برف‌های قطب جنوب","Emperor Penguin in Antarctic Snow","Keizerspinguïn in de sneeuw van Antarctica","Kaiserpinguin im antarktischen Schnee","Manchot empereur dans les neiges d'Antarctique","","","بطريق إمبراطور في ثلوج القطب الجنوبي","Antarktika karlarında imparator penguen","Pingwin cesarski na śniegach Antarktydy","Імператорський пінгвін у снігах Антарктиди","Keizerspinguïn in de sneeuw van Antarctica","nl/en/multi","","",""
"231","Vocabulary Word","CAT_ANIMALS","hard","دلفین بازیگوش در آکواریوم بزرگ","Playful Dolphin in Giant Aquarium","Speelse dolfijn in het grote aquarium","Verspielter Delfin im Riesenaquarium","Dauphin joueur dans un grand aquarium","","","دلفين لعوب في حوض السمك العملاق","Dev akvaryumda oynayan yunus","Radosny delfin w wielkim akwarium","Грайливий дельфін у велетенському акваріумі","Speelse dolfijn in het grote aquarium","nl/en/multi","","",""
"232","Vocabulary Word","CAT_ANIMALS","hard","پرواز پروانه رنگارنگ روی گل سرخ","Colorful Butterfly on a Red Rose","Kleurrijke vlinder op een rode roos","Bunter Schmetterling auf roter Rose","Papillon coloré sur une rose rouge","","","فراشة ملونة تحط على وردة حمراء","Kırmızı gülün üstündeki renkli kelebek","Barwny motyl na czerwonej róży","Барвистий метелик на червоній троянді","Kleurrijke vlinder op een rode roos","nl/en/multi","","",""
"233","Vocabulary Word","CAT_PLACES","hard","برج ایفل در شب‌های پاریس","Eiffel Tower in Parisian Nights","De Eiffeltoren in de nacht van Parijs","Der Eiffelturm in den Pariser Nächten","La Tour Eiffel dans la nuit parisienne","","","برج إيفل في ليالي باريس","Paris gecelerinde Eyfel Kulesi","Wieża Eiffla w paryską noc","Ейфелева вежа в нічному Парижі","De Eiffeltoren in de nacht van Parijs","nl/en/multi","","",""
"234","Vocabulary Word","CAT_PLACES","hard","کوهنوردی زمستانی در قله دماوند","Winter Climbing on Mount Damavand","Winterbeklimming van de bergtop","Winterliche Bergbesteigung des Gipfels","Ascension hivernale du sommet Damavand","","","تسلق الجبال الشتوي في قمة دماوند","Kışın zirveye dağ tırmanışı","Zimowa wspinaczka na szczyt góry","Зимове сходження на гірську вершину","Winterbeklimming van de bergtop","nl/en/multi","","",""
"235","Vocabulary Word","CAT_PLACES","hard","سفر دور دنیا با بالن هوای گرم","Around the World in a Hot Air Balloon","Rond de wereld in een luchtballon","In einem Heißluftballon um die Welt","Le tour du monde en montgolfière","","","حول العالم في منطاد هواء ساخن","Sıcak hava balonuyla dünya turu","Wokół świata balonem na ogrzane powietrze","Навколо світу на повітряній кулі","Rond de wereld in een luchtballon","nl/en/multi","","",""
"236","Vocabulary Word","CAT_VEHICLES","hard","قطار برقی بین‌شهری پرسرعت","High-Speed Intercity Electric Train","Elektrische hogesnelheidstrein","Intercity-Schnellzug mit Elektroantrieb","Train électrique interurbain rapide","","","قطار كهربائي سريع بين المدن","Şehirlerarası yüksek hızlı elektrikli tren","Elektryczny pociąg ekspresowy","Швидкісний міжміський електропотяг","Elektrische hogesnelheidstrein","nl/en/multi","","",""
"237","Vocabulary Word","CAT_VEHICLES","hard","ماشین پلیس با آژیر و چراغ گردان","Police Car with Siren and Flashing Lights","Politiewagen met zwaailicht en sirene","Polizeiauto mit Sirene und Blaulicht","Voiture de police avec sirène et gyrophares","","","سيارة شرطة مع صفارة الإنذار والأضواء","Siren çalan tepe lambalı polis arabası","Radiowóz policyjny na sygnale","Поліцейська машина з мигалками та сиреною","Politiewagen met zwaailicht en sirene","nl/en/multi","","",""
"238","Vocabulary Word","CAT_VEHICLES","hard","هلیکوپتر امداد و نجات در کوهستان","Mountain Rescue Helicopter Mission","Reddingshelikopter in de bergen","Rettungshubschrauber in den Bergen","Hélicoptère de sauvetage en montagne","","","مروحية إنقاذ وإسعاف في الجبال","Dağda arama kurtarma helikopteri","Śmigłowiec ratownictwa górskiego","Гірський рятувальний гелікоптер","Reddingshelikopter in de bergen","nl/en/multi","","",""
"239","Vocabulary Word","CAT_SPORTS","hard","بازی فینال جام جهانی فوتبال","Football World Cup Grand Final Match","De finale van het WK voetbal","Das große WM-Finale im Fußball","La grande finale de la Coupe du Monde","","","المباراة النهائية لكأس العالم لكرة القدم","Futbol Dünya Kupası final maçı","Wielki finał Mistrzostw Świata w piłce nożnej","Фінальний матч чемпіонату світу з футболу","De finale van het WK voetbal","nl/en/multi","","",""
"240","Vocabulary Word","CAT_SPORTS","hard","مسابقه دوچرخه‌سواری کوهستان در جنگل","Mountain Bike Race Through the Deep Woods","Mountainbikerace door het dichte bos","Mountainbike-Rennen durch den Wald","Course de VTT à travers la forêt","","","سباق دراجات جبلية في الغابة","Ormanda dağ bisikleti yarışı","Wyścig kolarstwa górskiego w lesie","Велогонка на гірських велосипедах у лісі","Mountainbikerace door het dichte bos","nl/en/multi","","",""
"241","Vocabulary Word","CAT_ENTERTAINMENT","hard","تماشای فیلم اکشن در سینمای سه‌بعدی","Watching Action Movie in 3D Cinema","Actiefilm kijken in de 3D-bioscoop","Einen Actionfilm im 3D-Kino schauen","Regarder un film d'action en cinéma 3D","","","مشاهدة فيلم أكشن في سينما ثلاثية الأبعاد","3D sinemada aksiyon filmi izlemek","Oglądanie filmu akcji w kinie 3D","Перегляд бойовика в 3D-кінотеатрі","Actiefilm kijken in de 3D-bioscoop","nl/en/multi","","",""
"242","Vocabulary Word","CAT_ENTERTAINMENT","hard","نواختن پیانوی کلاسیک در سالن اپرا","Playing Grand Piano in Opera House","Klassieke piano spelen in het operagebouw","Klavierspielen im großen Opernhaus","Jouer du piano à queue à l'opéra","","","عزف البيانو الكلاسيكي في دار الأوبرا","Opera salonunda klasik piyano çalmak","Gra na fortepianie w sali operowej","Гра на роялі в оперному театрі","Klassieke piano spelen in het operagebouw","nl/en/multi","","",""
"243","Curated Card (Phrase)","CAT_RESTAURANT","A1","صورتحساب، لطفاً!","Check, please!","","","","","","","","","","Check, please!","en-US","چِک، پلیز!","در رستوران یا دایز آمریکایی می‌خواهی صورتحساب را بخواهی","در انگلیسی آمریکایی به جای bill می‌گویند check | American Restaurant Phrasing: Check, please"
"244","Curated Card (Sentence)","CAT_RESTAURANT","A1","می‌تونم این رو بیرون‌بر داشته باشم، لطفاً؟","Can I get this to-go, please?","","","","","","","","","","Can I get this to-go, please?","en-US","کَن آی گِت دیس تو-گو، پلیز؟","سفارش غذای بیرون‌بر در فست‌فود آمریکایی","عبارت to-go برای غذای بیرون‌بر | Modal request: Can I get ... to-go?"
"245","Curated Card (Sentence)","CAT_EVERYDAY","A1","اوضاع چطوره رفیق؟","How's it going, buddy?","","","","","","","","","","How's it going, buddy?","en-US","هاوز ایت گوئینگ، بادی؟","احوالپرسی روزمره و خودمانی به سبک آمریکایی","How's it going... | Informal greeting contraction"
"246","Curated Card (Sentence)","CAT_TRANSPORT","A1","نزدیک‌ترین ایستگاه مترو کجاست؟","Where is the nearest subway station?","","","","","","","","","","Where is the nearest subway station?","en-US","وِر ایز دِ نیرِست ساب‌وی استِیشِن؟","پرسیدن آدرس نزدیک‌ترین ایستگاه مترو در نیویورک","در آمریکا به مترو Subway می‌گویند | Superlative: nearest subway station"
"247","Curated Card (Sentence)","CAT_SHOPPING","A2","می‌تونید یه اسکناس بیست دلاری برام خرد کنید؟","Could you break a twenty-dollar bill for me?","","","","","","","","","","Could you break a twenty-dollar bill for me?","en-US","کود یو برِیک اِ توئنتی دالِر بیل فور می؟","خرد کردن یک اسکناس بیست دلاری در فروشگاه","break a twenty-dollar bill | Collocation: break a bill (اسکناس خرد کردن)"
"248","Curated Card (Phrase)","CAT_EVERYDAY","A2","چند دقیقه دیر می‌رسم.","I'm running a few minutes late.","","","","","","","","","","I'm running a few minutes late.","en-US","آیم رانینگ اِ فیو مینیتس لِیت","اعلام اینکه چند دقیقه دیر می‌رسید","running late | Continuous idiom: running late"
"249","Curated Card (Phrase)","CAT_SMALLTALK","B1","بیا شام رو بندازیم برای یه فرصت دیگه (موکول کردن)","Let's take a rain check on dinner.","","","","","","","","","","Let's take a rain check on dinner.","en-US","لِتس تِیک اِ رِین چِک آن دینِر","موکول کردن یک قرار یا دورهمی شام به زمانی دیگر (اصطلاح آمریکایی)","rain check اصطلاح معروف آمریکایی | American Idiom: take a rain check"
"250","Curated Card (Sentence)","CAT_TRAVEL","B1","میشه من رو دم ترمینال شماره دو پیاده کنید؟","Can you drop me off at terminal two, please?","","","","","","","","","","Can you drop me off at terminal two, please?","en-US","کَن یو دراپ می آف اَت تِرمینال تو، پلیز؟","درخواست پیاده شدن جلوی ترمینال فرودگاه از راننده","drop someone off یعنی پیاده کردن | Phrasal verb: drop off"
"251","Curated Card (Phrase)","CAT_WORK","B2","کار را با انرژی و قدرت تمام از همان اول شروع کردن","Hit the ground running","","","","","","","","","","Hit the ground running","en-US","هیت دِ گراوند رانینگ","با تمام قوا و بدون اتلاف وقت کاری را پرانرژی شروع کردن","اصطلاح کاری پرکاربرد آمریکایی | Business Idiom: Hit the ground running"
"252","Curated Card (Phrase)","CAT_HEALTH","B2","کمی ناخوش‌احوال و کسل بودن","Under the weather","","","","","","","","","","Under the weather","en-US","آندِر دِ وِدِر","احساس کسالت یا سرماخوردگی خفیف داشتن","under the weather | Health idiom: Feeling under the weather"
"253","Curated Card (Phrase)","CAT_SMALLTALK","C1","گپ زدن و وقت گذراندن با دوستان","Shoot the breeze","","","","","","","","","","Shoot the breeze","en-US","شوت دِ breeze (بریز)","گپ و گفت خودمانی و دوستانه زدن و وقت گذراندن","shoot the breeze اصطلاح خودمانی آمریکایی | Conversational Slang: Shoot the breeze"
"254","Curated Card (Phrase)","CAT_WORK","C1","نقش وکیل مدافع شیطان را بازی کردن (دیدگاه مخالف برای ارزیابی)","Play devil's advocate","","","","","","","","","","Play devil's advocate","en-US","پلِی دِویلز اَدووکِیت","برای سنجش تمام جوانب، موقتاً نقش مخالف را بازی کردن","devil's advocate | Idiomatic expression for critical analysis"
"255","Curated Card (Phrase)","CAT_RESTAURANT","A1","می‌تونم صورتحساب رو داشته باشم، لطفاً؟","","Mag ik de rekening, alstublieft?","","","","","","","","","Mag ik de rekening, alstublieft?","nl","ماخ ایک دِ رِیکِه‌نینگ، آلس‌توبلیفت؟","در رستوران می‌خواهی صورتحساب را درخواست کنی","از کلمه rekening و alstublieft استفاده کن | الگوی مودبانه: Mag ik ... alstublieft?"
"256","Curated Card (Vocabulary)","CAT_RESTAURANT","A1","قهوه با شیر زیاد (لاته هلندی)","","Koffie verkeerd","","","","","","","","","Koffie verkeerd","nl","کُفی فِرکِیرد","نوشیدنی گرم محبوب هلندی‌ها در کافه‌ها","ترکیبی از قهوه و کلمه ""اشتباه/برعکس"" | اصطلاح کافه‌ای هلند"
"257","Curated Card (Sentence)","CAT_EVERYDAY","A1","حالت چطوره؟ / اوضاعت چطوره؟","","Hoe gaat het met jou?","","","","","","","","","Hoe gaat het met jou?","nl","هو خات هِت مِت یاو؟","احوالپرسی روزمره و پرسیدن حال طرف مقابل","Hoe gaat het... | پرسش احوالپرسی غیررسمی"
"258","Curated Card (Phrase)","CAT_SHOPPING","A1","قیمت این چقدر است؟","","Hoeveel kost dit?","","","","","","","","","Hoeveel kost dit?","nl","هو فِیل کُست دیت؟","در فروشگاه آلبرت هاین می‌خواهی قیمت یک جنس را بپرسی","از کلمه hoeveel استفاده کن | پرسش قیمت: Hoeveel kost...?"
"259","Curated Card (Situation)","CAT_TRANSPORT","A2","قطار اوترخت از کدام سکو حرکت می‌کند؟","","Vanaf welk spoor vertrekt de trein naar Utrecht?","","","","","","","","","Vanaf welk spoor vertrekt de trein naar Utrecht?","nl","فان‌آف وِلک اسپور فِرتْرِکت دِ ترِین نار اوترِخت؟","در ایستگاه قطار آمستردام گم شدی و می‌پرسی قطار اوترخت از کدام سکو حرکت می‌کند","کلمه spoor یعنی سکو و vertrekken یعنی حرکت کردن | حرف اضافه Vanaf + welk spoor"
"260","Curated Card (Sentence)","CAT_WORK","A2","فردا از خانه کار می‌کنم.","","Morgen werk ik vanuit huis.","","","","","","","","","Morgen werk ik vanuit huis.","nl","مُرخِن وِرک ایک فان‌آوت هاوس","به همکارت می‌گویی فردا از خانه کار می‌کنی","جای فعل و فاعل در ابتدای جمله با قید زمان (Inversion) | قانون Inversion در هلندی: Morgen werk ik..."
"261","Curated Card (Phrase)","CAT_SMALLTALK","B1","حس دنجی، صفای دورهمی و حال خوش جمعی","","Gezelligheid","","","","","","","","","Gezelligheid","nl","خِزِلِیخ‌هایت","مفهوم معروف هلندی برای دنج بودن، حس گرما و صمیمیت در دورهمی","معروف‌ترین صفت و اسم فرهنگی هلند | اسم انتزاعی فرهنگی (Ge-zellig-heid)"
"262","Curated Card (Situation)","CAT_HEALTH","B1","می‌خواهم با دکتر وقت ملاقات بگیرم.","","Ik wil graag een afspraak maken met de dokter.","","","","","","","","","Ik wil graag een afspraak maken met de dokter.","nl","ایک ویل خراخ اِن آفرسپراک ماکِن مِت دِ دُکتِر","تماس با پزشک عمومی (Huisarts) برای گرفتن وقت ویزیت","afspraak maken یعنی وقت گرفتن | ساختار مودبانه: Ik wil graag ... maken"
"263","Curated Card (Phrase)","CAT_SOCIAL","B2","دُنگی حساب کردن / هرکس سهم خودش را می‌پردازد","","Going Dutch / Ieder betaalt voor zich","","","","","","","","","Going Dutch / Ieder betaalt voor zich","nl","ایدر بِتالت فور زیخ","رسم هلندی‌ها که هرکس در مهمانی یا رستوران دُنگ خودش را حساب می‌کند","اصطلاح تقسیم مساوی صورتحساب | Wederkerend voornaamwoord (voor zich)"
"264","Curated Card (Phrase)","CAT_SMALLTALK","C1","نقطه روی حرف آی گذاشتن (کار را بی‌نقص و تمام و کمال انجام دادن)","","De puntjes op de i zetten","","","","","","","","","De puntjes op de i zetten","nl","دِ پونتیِس اُپ دِ ای زِتِن","ضرب‌المثل هلندی: وقتی کسی کاری را با پشتکار و دقت تمام به سرانجام می‌رساند","درباره نقطه گذاشتن روی حروف است | ضرب‌المثل کنایی اصیل زبان هلندی"
"265","Curated Card (Phrase)","CAT_RESTAURANT","A1","می‌تونم یک لیوان آب داشته باشم، لطفاً؟","Could I have a glass of water, please?","","","","","","","","","","Could I have a glass of water, please?","en","کود آی هَو اِ گلَس آو واتِر، پِلیز؟","Ordering water at a cafe or restaurant politely","Use ""Could I have..."" | Polite request with modal verb Could"
"266","Curated Card (Phrase)","CAT_RESTAURANT","A1","می‌تونیم صورتحساب رو داشته باشیم، لطفاً؟","Could we get the bill, please?","","","","","","","","","","Could we get the bill, please?","en","کود وی گِت دِ بیل، پلیز؟","Asking for the bill/check at a restaurant","Ask for the bill or check | Polite question with ""Could we get..."""
"267","Curated Card (Sentence)","CAT_EVERYDAY","A1","از دیدنتون خوشحالم، من در آمستردام زندگی می‌کنم.","Nice to meet you, I live in Amsterdam.","","","","","","","","","","Nice to meet you, I live in Amsterdam.","en","نایس تو میت یو، آی لیو این آمستردام","Introducing where you live in a friendly introduction","Nice to meet you... | Present Simple for permanent states"
"268","Curated Card (Phrase)","CAT_SHOPPING","A1","این کاپشن چنده؟","How much is this jacket?","","","","","","","","","","How much is this jacket?","en","هاو ماچ ایز دیس جَکِت؟","Asking the price of an item in a clothing store","How much is... | Asking price with How much is + singular noun"
"269","Curated Card (Situation)","CAT_TRAVEL","A2","ببخشید، پرواز شماره ۲۰۴ از کدام گیت سوار می‌کند؟","Excuse me, which gate is boarding for flight 204?","","","","","","","","","","Excuse me, which gate is boarding for flight 204?","en","اکسکیوز می، ویچ گیت ایز بوردینگ فور فلایت تو زیرو فور؟","Asking for flight gate directions at the international airport","Which gate is boarding... | Wh- questions with Present Continuous"
"270","Curated Card (Phrase)","CAT_FOOD","A2","آیا گزینه گیاه‌خواری دارید؟","Do you have any vegetarian options?","","","","","","","","","","Do you have any vegetarian options?","en","دو یو هَو اِنی وِجِتِریَن آپشِنز؟","Asking about vegetarian or allergy options on the menu","Do you have any... | Present simple question with ""any"""
"271","Curated Card (Situation)","CAT_TRAVEL","A2","سلام، من یک رزرو به نام اسمیت دارم.","Hello, I have a reservation under the name Smith.","","","","","","","","","","Hello, I have a reservation under the name Smith.","en","هِلُو، آی هَو اِ رِزِروِیشِن آندِر دِ نِیم اسمیت","Checking in at a hotel with a prior reservation","I have a reservation under... | Preposition ""under"" used for names on bookings"
"272","Curated Card (Sentence)","CAT_WORK","B1","باید ددلاین (موعد تحویل) را به جمعه آینده موکول کنیم.","We need to reschedule the deadline to next Friday.","","","","","","","","","","We need to reschedule the deadline to next Friday.","en","وی نید تو ریسکِجول دِ دِدلاین تو نِکست فرایدِی","Explaining a project deadline adjustment during a team sync","reschedule deadline | Infinitive with need to + verb"
"273","Curated Card (Phrase)","CAT_WORK","B1","می‌تونی برام یک ایمیل حاوی خلاصه جلسه بفرستی؟","Could you shoot me an email with the summary?","","","","","","","","","","Could you shoot me an email with the summary?","en","کود یو شوت می اَن ایمیل ویت دِ سامِری؟","Asking a colleague to follow up via email after a meeting","shoot an email (send quickly) | Idiomatic business phrase: shoot someone an email"
"274","Curated Card (Phrase)","CAT_SMALLTALK","B1","دقیقاً حرف دل من رو زدی!","You took the words right out of my mouth!","","","","","","","","","","You took the words right out of my mouth!","en","یو توک دِ وُردز رایت آوت آو مای ماوث!","Expressing that you agree completely with someone","Words out of my mouth | Conversational agreement idiom"
"275","Curated Card (Phrase)","CAT_SMALLTALK","B2","دندان روی جگر گذاشتن / با شجاعت با سختی روبرو شدن","Bite the bullet","","","","","","","","","","Bite the bullet","en","بایت دِ بولِت","Famous English idiom meaning to face a difficult situation with courage","Something about biting something metallic | Metaphorical English idiom"
"276","Curated Card (Phrase)","CAT_WORK","B2","خلاقانه و فراتر از چارچوب‌های معمول فکر کردن","Think outside the box","","","","","","","","","","Think outside the box","en","ثینک آوت‌ساید دِ باکس","Business idiom: To think creatively outside standard boundaries","Outside the box... | Metaphorical compound phrase"
"277","Curated Card (Phrase)","CAT_SMALLTALK","B2","لو دادن راز / بند را آب دادن","Spill the beans","","","","","","","","","","Spill the beans","en","اسپیل دِ بینز","Idiom meaning to reveal a secret unintentionally","Spilling something from a kitchen | Colloquial idiom"
"278","Curated Card (Phrase)","CAT_SMALLTALK","C1","بند را به آب نده / راز را فاش نکن","Don't let the cat out of the bag","","","","","","","","","","Don't let the cat out of the bag","en","دُنت لِت دِ کَت آوت آو دِ بَگ","English proverb: Do not reveal a secret prematurely before the event","An animal coming out of a bag | Imperative idiom with negative auxiliary"
"279","Curated Card (Sentence)","CAT_WORK","C1","نباید به بهای آسیب به اصالت و کیفیت محصول، سمبل‌کاری کنیم.","We must avoid cutting corners at the expense of product integrity.","","","","","","","","","","We must avoid cutting corners at the expense of product integrity.","en","وی ماست اِوُید کاتینگ کُرنِرز اَت دِ اکسپِنس آو پروداکت اینتِگریتی","High-level business English: Balancing short-term gains against sustainable long-term growth","cutting corners at the expense of... | Prepositional phrase: at the expense of + noun"
"280","Curated Card (Phrase)","CAT_RESTAURANT","A1","دو تا نان گرد کوچک می‌خواستم، لطفاً.","","","Ich hätte gern zwei Brötchen, bitte.","","","","","","","","Ich hätte gern zwei Brötchen, bitte.","de","ایش هِته گِرن تسوای بروتشِن، بیته","In a German bakery, ordering two fresh bread rolls politely","Ich hätte gern... | Konjunktiv II for polite ordering"
"281","Curated Card (Situation)","CAT_CITY","A2","ببخشید، نزدیک‌ترین ایستگاه مترو کجاست؟","","","Entschuldigung, wo ist die nächste U-Bahn-Station?","","","","","","","","Entschuldigung, wo ist die nächste U-Bahn-Station?","de","اِنت‌شولدیگونگ، وو ایست دی نِکستِه او-بان استاسیون؟","Asking where the nearest metro station (U-Bahn) is located","wo ist die nächste... | Superlative adjective with feminine noun (die nächste)"
"282","Curated Card (Sentence)","CAT_WORK","B1","با کمال میل حضورم در جلسه را تایید می‌کنم.","","","Ich bestätige gerne meine Teilnahme am Meeting.","","","","","","","","Ich bestätige gerne meine Teilnahme am Meeting.","de","ایش بِشتِتیگه گِرنه ماینه تایل‌نامه آم میتینگ","Sending an email confirming participation in tomorrow's meeting","bestätigen + Teilnahme | Akkusativ object with feminine noun (meine Teilnahme)"
"283","Curated Card (Phrase)","CAT_SMALLTALK","B2","برایت آرزوی موفقیت می‌کنم! / انگشتامو برات فشار می‌دم!","","","Ich drücke dir die Daumen!","","","","","","","","Ich drücke dir die Daumen!","de","ایش دروکِه دیر دی داومِن","German idiom meaning wishing someone good luck by pressing thumbs","Something with thumbs (Daumen) | Dativ recipient (dir) + Akkusativ object (die Daumen)"
"284","Curated Card (Phrase)","CAT_RESTAURANT","A1","یک کروسان و یک قهوه، لطفاً.","","","","Un croissant et un café, s'il vous plaît.","","","","","","","Un croissant et un café, s'il vous plaît.","fr","آن کْغواسان اِ آن کافه، سیل وو پْله","Ordering a croissant and espresso at a Parisian cafe","s'il vous plaît | Masculine articles (un) + Polite marker"
"285","Curated Card (Phrase)","CAT_SHOPPING","A2","آیا می‌توانم با کارت پرداخت کنم؟","","","","Est-ce que je peux payer par carte ?","","","","","","","Est-ce que je peux payer par carte ?","fr","اِس کِه ژُ پو پِیه پاغ کاغت؟","Asking if you can pay with card in a shop","payer par carte | Question structure: Est-ce que + modal peux"
"286","Curated Card (Sentence)","CAT_SMALLTALK","B1","نگران نباش، همه چیز خوب پیش خواهد رفت.","","","","Ne t'inquiète pas, tout va bien se passer.","","","","","","","Ne t'inquiète pas, tout va bien se passer.","fr","نو تَنکیِت پا، تو وا بیَن سو پَسه","Telling a friend that everything will turn out fine in the end","se passer = to happen | Futur Proche (aller + infinitif)"
"287","Curated Card (Phrase)","CAT_SMALLTALK","B2","خیلی گران است / چشم و چال آدم را درمی‌آورد!","","","","Ça coûte les yeux de la tête","","","","","","","Ça coûte les yeux de la tête","fr","سا کوت لِزیُو دُو لا تِت","Famous French idiom meaning to cost an arm and a leg / extremely expensive","Something about eyes of the head | Metaphorical expression for high prices"
"288","Curated Card (Phrase)","CAT_RESTAURANT","A1","A hot tea with sugar cubes, please","","","","","","","","","","","یک چای داغ با قند لطفاً","fa","Yek chaaye daagh baa ghand lotfan","در رستوران یا کافه برای سفارش چای با قند","از کلمه چای و قند استفاده کن | ترکیب وصفی: چای داغ"
"289","Curated Card (Situation)","CAT_TRAVEL","A2","Excuse me, where is the nearest metro station?","","","","","","","","","","","ببخشید، نزدیک‌ترین ایستگاه مترو کجاست؟","fa","Bebakhshid, nazdiktarin istgah-e metro kojaast?","پرسیدن آدرس نزدیک‌ترین ایستگاه مترو از عابر در خیابان","ایستگاه مترو | صفت برترین: نزدیک‌ترین"
"290","Curated Card (Phrase)","CAT_SMALLTALK","B1","Please help yourself, Bon Appétit!","","","","","","","","","","","بفرمایید، نوش جان!","fa","Befarmaayid, noosh-e jaan!","اصطلاح تعارف ایرانی برای تعارف صمیمانه غذا یا خدمت به مهمان","اصطلاح مهمانداری و غذا خوردن | جمله دعایی و تعارفی متداول"
"291","Curated Card (Phrase)","CAT_SMALLTALK","B2","Don't count your chickens before they hatch","","","","","","","","","","","جوجه را آخر پاییز می‌شمارند","fa","Joojeh raa aakhar-e paayeez mishomaarand","ضرب‌المثل اصیل فارسی: نباید قبل از رسیدن به نتیجه قطعی مغرور شد","درباره شمردن جوجه در فصل پاییز است | ضرب‌المثل تمثیلی کنایی"
"292","Curated Card (Phrase)","CAT_RESTAURANT","A1","یک استکان چای لطفاً","","","","","","","","Bir bardak çay lütfen","","","Bir bardak çay lütfen","tr","بیر بارداک چای لوتفَن","Ordering Turkish tea at a cafe in Istanbul","Bir bardak çay... | Unit noun (bardak) with noun (çay)"
"293","Curated Card (Sentence)","CAT_EVERYDAY","A2","حالتون چطوره؟ خوبم، تشکر می‌کنم.","","","","","","","","Nasılsınız? İyiyim, teşekkür ederim.","","","Nasılsınız? İyiyim, teşekkür ederim.","tr","ناسیل‌سینیز؟ اییم، تِشِکّور اِدِریم","Greeting and asking how someone is doing politely","Nasılsınız... | Formal 2nd person suffix (-sınız)"
"294","Curated Card (Phrase)","CAT_RESTAURANT","A1","صورتحساب، لطفاً","","","","","","","الحساب، لو سمحت","","","","الحساب، لو سمحت","ar","Al-hisaab, law samaht","طلب الحساب في المطعم أو المقهى بلباقة","الحساب | النداء المهذب: لو سمحت"
"295","Curated Card (Sentence)","CAT_EVERYDAY","A2","خوش آمدید، امروز حالتون چطوره؟","","","","","","","أهلاً وسهلاً، كيف حالك اليوم؟","","","","أهلاً وسهلاً، كيف حالك اليوم؟","ar","Ahlan wa sahlan, kayfa haaluka al-yawm?","التحية والسؤال عن الحال بلباقة وترحاب","أهلاً وسهلاً | جملة التحية والاستفهام"
"296","C1 Advanced Phrase","CAT_SOCIAL","C1","فرسایش اعتماد عمومی","the erosion of public trust","de uitholling van het publieke vertrouwen","die Erosion des öffentlichen Vertrauens","l'érosion de la confiance publique","la pérdida de confianza pública","la perdita di fiducia pubblica","تآكل الثقة العامة","kamuoyu güveninin aşınması","erozja zaufania publicznego","підрив суспільної довіри","the erosion of public trust","en-US/multi","","C1 Level Academic / Advanced Expression","Advanced Collocation & Formal Phrasing"
"297","C1 Advanced Phrase","CAT_WORK","C1","یافته‌های موقت کمیته","the committee's interim findings","de tussentijdse bevindingen van de commissie","die vorläufigen Ergebnisse des Ausschusses","les conclusions provisoires de la commission","las conclusiones provisionales de la comisión","le conclusioni provvisorie della commissione","النتائج الأولية للجنة","komitenin ara bulguları","wstępne ustalenia komisji","проміжні висновки комітету","the committee's interim findings","en-US/multi","","C1 Level Academic / Advanced Expression","Advanced Collocation & Formal Phrasing"
"298","C1 Advanced Phrase","CAT_SOCIAL","C1","تردید او برای اعلام موضع علنی","her reluctance to commit publicly","haar terughoudendheid om zich publiekelijk te binden","ihr Zögern, sich öffentlich festzulegen","sa réticence à s'engager publiquement","su reticencia a comprometerse públicamente","la sua riluttanza a impegnarsi pubblicamente","ترددها في الالتزام علناً","kamuoyu önünde taahhütte bulunma konusundaki isteksizliği","jej niechęć do publicznego zaangażowania","її небажання брати публічні зобовʼязання","her reluctance to commit publicly","en-US/multi","","C1 Level Academic / Advanced Expression","Advanced Collocation & Formal Phrasing"
"299","C1 Advanced Phrase","CAT_WORK","C1","اصلاحات قانونی پیشنهادی","the proposed legislative overhaul","de voorgestelde grondige herziening van de wetgeving","die vorgeschlagene Gesetzesreform","la refonte législative proposée","la reforma legislativa propuesta","la proposta di revisione legislativa","التعديل التشريعي المقترح","önerilen kapsamlı yasa reformu","proponowana reforma ustawodawcza","запропонована законодавча реформа","the proposed legislative overhaul","en-US/multi","","C1 Level Academic / Advanced Expression","Advanced Collocation & Formal Phrasing"
"300","C1 Advanced Phrase","CAT_SOCIAL","C1","شکاف فزاینده طبقاتی و ثروت","the widening wealth gap","de steeds groter wordende vermogenskloof","die wachsende Kluft zwischen Arm und Reich","l'accroissement du fossé des richesses","la creciente brecha de riqueza","il divario di ricchezza sempre più ampio","اتساع الفجوة في الثروة","giderek açılan refah uçurumu","pogłębiająca się przepaść majątkowa","зростання прірви між багатими й бідними","the widening wealth gap","en-US/multi","","C1 Level Academic / Advanced Expression","Advanced Collocation & Formal Phrasing"
"301","C1 Advanced Phrase","CAT_WORK","C1","تعارض منافع ادعایی","an alleged conflict of interest","een vermeende belangenverstrengeling","ein mutmaßlicher Interessenkonflikt","un prétendu conflit d'intérêts","un supuesto conflicto de intereses","un presunto conflitto di interessi","تضارب محتمل في المصالح","iddia edilen çıkar çatışması","rzekomy konflikt interesów","ймовірний конфлікт інтересів","an alleged conflict of interest","en-US/multi","","C1 Level Academic / Advanced Expression","Advanced Collocation & Formal Phrasing"
"302","C1 Advanced Phrase","CAT_SOCIAL","C1","روایت غالب افکار عمومی","the prevailing public narrative","het heersende publieke narratief","das vorherrschende öffentliche Narrativ","le récit dominant dans le public","la narrativa pública predominante","la narrazione pubblica prevalente","الرواية السائدة بين الرأي العام","hâkim kamuoyu anlatısı","dominująca narracja publiczna","панівний суспільний наратив","the prevailing public narrative","en-US/multi","","C1 Level Academic / Advanced Expression","Advanced Collocation & Formal Phrasing"
"303","C1 Advanced Phrase","CAT_EVERYDAY","C1","پیامدهای ناخواسته بلندمدت","the unintended long-term consequences","de onbedoelde gevolgen op de lange termijn","die unbeabsichtigten langfristigen Folgen","les conséquences involontaires à long terme","las consecuencias involuntarias a largo plazo","le conseguenze involontarie a lungo termine","العواقب غير المقصودة على المدى الطويل","öngörülmeyen uzun vadeli sonuçlar","niezamierzone długofalowe skutki","ненавмисні довгострокові наслідки","the unintended long-term consequences","en-US/multi","","C1 Level Academic / Advanced Expression","Advanced Collocation & Formal Phrasing"
"304","C1 Advanced Phrase","CAT_WORK","C1","پایداری و دوام بلندمدت پروژه","the project's long-term viability","de levensvatbaarheid van het project op de lange termijn","die langfristige Tragfähigkeit des Projekts","la viabilité à long terme du projet","la viabilidad a largo plazo del proyecto","la fattibilità a lungo termine del progetto","جدوى المشروع على المدى البعيد","projenin uzun vadeli sürdürülebilirliği","długoterminowa rentowność projektu","довгострокова життєздатність проєкту","the project's long-term viability","en-US/multi","","C1 Level Academic / Advanced Expression","Advanced Collocation & Formal Phrasing"
"305","C1 Advanced Phrase","CAT_WORK","C1","سلب مسئولیتِ با دقت نگاشته‌شده","a carefully worded disclaimer","een zorgvuldig geformuleerde disclaimer","ein sorgfältig formulierter Haftungsausschluss","une clause de non-responsabilité soigneusement formulée","un descargo de responsabilidad cuidadosamente redactado","una dichiarazione di non responsabilità formulata con cura","إخلاء مسؤولية صيغ بعناية","özenle hazırlanmış bir sorumluluk reddi","starannie sformułowane zastrzeżenie prawne","ретельно сформульоване застереження","a carefully worded disclaimer","en-US/multi","","C1 Level Academic / Advanced Expression","Advanced Collocation & Formal Phrasing"
"306","C1 Advanced Phrase","CAT_EDUCATION","C1","به‌اصطلاح پایگاه شواهد و مدارک","the so-called evidence base","de zogenaamde wetenschappelijke basis","die sogenannte Evidenzbasis","la soi-disant base factuelle","la llamada base de evidencia","la cosiddetta base probatoria","ما يُسمى بقاعدة الأدلة","sözde kanıt temeli","tak zwana baza dowodowa","так звана доказова база","the so-called evidence base","en-US/multi","","C1 Level Academic / Advanced Expression","Advanced Collocation & Formal Phrasing"
"307","C1 Advanced Phrase","CAT_WORK","C1","فضای احتیاط سازمانی","a climate of institutional caution","een sfeer van institutionele voorzichtigheid","ein Klima institutioneller Vorsicht","un climat de prudence institutionnelle","un clima de cautela institucional","un clima di cautela istituzionale","مناخ من الحذر المؤسسي","kurumsal ihtiyat ortamı","atmosfera ostrożności instytucjonalnej","клімат інституційної обережності","a climate of institutional caution","en-US/multi","","C1 Level Academic / Advanced Expression","Advanced Collocation & Formal Phrasing"
"308","C1 Advanced Phrase","CAT_WORK","C1","کاهش فضای سازش و مصالحه","the dwindling room for compromise","de afnemende ruimte voor een compromis","der schwindende Spielraum für Kompromisse","le rétrécissement de la marge de compromis","el margen decreciente para el acuerdo","il margine sempre più ridotto per il compromesso","تضاؤل مجال التوافق","uzlaşma için daralan alan","kurczące się pole do kompromisu","звуження простору для компромісу","the dwindling room for compromise","en-US/multi","","C1 Level Academic / Advanced Expression","Advanced Collocation & Formal Phrasing"
"309","C1 Advanced Phrase","CAT_EDUCATION","C1","اتکای بیش از حد به شواهد موردی و تجربی","an overreliance on anecdotal data","een overmatig vertrouwen op anekdotische gegevens","ein übermäßiges Vertrauen auf anekdotische Daten","une dépendance excessive aux données anecdotiques","una dependencia excesiva de datos anecdóticos","un eccessivo affidamento su dati aneddotici","الاعتماد المفرط على بيانات غير علمية","anekdotik verilere aşırı bağımlılık","nadmierne poleganie na danych anegdotycznych","надмірна залежність від уривчастих даних","an overreliance on anecdotal data","en-US/multi","","C1 Level Academic / Advanced Expression","Advanced Collocation & Formal Phrasing"
"310","C1 Advanced Phrase","CAT_WORK","C1","عدم شفافیت در روند تصمیم‌گیری","the opacity of the decision-making process","de ondoorzichtigheid van het besluitvormingsproces","die Undurchsichtigkeit des Entscheidungsprozesses","le manque de transparence du processus décisionnel","la opacidad del proceso de toma de decisiones","la mancanza di trasparenza del processo decisionale","غموض عملية اتخاذ القرار","karar alma sürecinin şeffaf olmaması","nieprzejrzystość procesu podejmowania decyzji","непрозорість процесу прийняття рішень","the opacity of the decision-making process","en-US/multi","","C1 Level Academic / Advanced Expression","Advanced Collocation & Formal Phrasing"
"311","C1 Advanced Phrase","CAT_SOCIAL","C1","کالاشدگی و تجاری‌سازی داده‌های شخصی","the commodification of personal data","het vermarkten van persoonsgegevens","die Kommerzialisierung persönlicher Daten","la marchandisation des données personnelles","la mercantilización de los datos personales","la mercificazione dei dati personali","تسليع البيانات الشخصية","kişisel verilerin metalaştırılması","komercjalizacja danych osobowych","комерціалізація персональних даних","the commodification of personal data","en-US/multi","","C1 Level Academic / Advanced Expression","Advanced Collocation & Formal Phrasing"
"312","C1 Advanced Phrase","CAT_SOCIAL","C1","منطقه خاکستری اخلاقی موجود در موضوع","the ethical gray area involved","het ethische schemergebied dat ermee gemoeid is","die damit verbundene ethische Grauzone","la zone grise éthique qui s'y rattache","la zona gris ética que implica","la zona d’ombra etica implicata","المنطقة الرمادية الأخلاقية في الأمر","işin içindeki etik gri alan","związana z tym szara strefa etyczna","етична сіра зона в цьому питанні","the ethical gray area involved","en-US/multi","","C1 Level Academic / Advanced Expression","Advanced Collocation & Formal Phrasing"
"313","C1 Advanced Phrase","CAT_WORK","C1","عدم تقارن اطلاعاتی بین طرفین","the asymmetry of information between parties","de informatieasymmetrie tussen de partijen","die Informationsasymmetrie zwischen den Parteien","l'asymétrie d'information entre les parties","la asimetría de información entre las partes","l’asimmetria informativa tra le parti","عدم تماثل المعلومات بين الأطراف","taraflar arasındaki bilgi asimetrisi","asymetria informacji między stronami","інформаційна асиметрія між сторонами","the asymmetry of information between parties","en-US/multi","","C1 Level Academic / Advanced Expression","Advanced Collocation & Formal Phrasing"
"314","C1 Advanced Phrase","CAT_EVERYDAY","C1","کاهش فرصت برای مداخله موثر","the shrinking window for meaningful intervention","de krimpende tijdspanne voor zinvolle interventie","das schrumpfende Zeitfenster für wirksame Maßnahmen","la réduction de la marge d'intervention efficace","la ventana cada vez más reducida para una intervención significativa","la finestra temporale sempre più ridotta per un intervento significativo","تقلص فرصة التدخل الفعّال","anlamlı müdahale için daralan fırsat penceresi","kurczące się okno na skuteczną interwencję","звуження вікна для ефективного втручання","the shrinking window for meaningful intervention","en-US/multi","","C1 Level Academic / Advanced Expression","Advanced Collocation & Formal Phrasing"
"315","C1 Advanced Phrase","CAT_EDUCATION","C1","سرمایه‌گذاری ناکافی مزمن در حوزه پیشگیری","a chronic underinvestment in prevention","chronische onderinvestering in preventie","chronische Unterinvestition in die Prävention","un sous-investissement chronique dans la prévention","una falta crónica de inversión en prevención","un cronico sottoinvestimento nella prevenzione","نقص مزمن في الاستثمار في الوقاية","önlem almaya yönelik kronik yetersiz yatırım","chroniczne niedoinwestowanie profilaktyki","хронічне недофінансування профілактики","a chronic underinvestment in prevention","en-US/multi","","C1 Level Academic / Advanced Expression","Advanced Collocation & Formal Phrasing"
"316","Universal Concept","CAT_SOCIAL","A1","سلام","Hello","Hallo","Hallo","Bonjour","Hola","Ciao","مرحبا","Merhaba","Cześć","Привіт","Hello","multi","","C_GREETING_HELLO",""
"317","Universal Concept","CAT_SOCIAL","A1","متشکرم / مرسی","Thank you","Dank je wel","Danke schön","Merci beaucoup","Muchas gracias","Grazie mille","شكراً جزيلاً","Teşekkürler","Dziękuję bardzo","Дякую","Thank you","multi","","C_GREETING_THANKS",""
"318","Universal Concept","CAT_FOOD","A1","آب معدنی","Mineral water","Mineraalwater","Mineralwasser","Eau minérale","Agua mineral","Acqua minerale","ماء معدني","Maden suyu","Woda mineralna","Мінеральна вода","Mineral water","multi","","C_FOOD_WATER",""
"319","Universal Concept","CAT_FOOD","A1","قهوه داغ","Hot coffee","Hete koffie","Heißer Kaffee","Café chaud","Café caliente","Caffè caldo","قهوة ساخنة","Sıcak kahve","Gorąca kawa","Гаряча кава","Hot coffee","multi","","C_FOOD_COFFEE",""
"320","Universal Concept","CAT_FOOD","A1","نان تازه","Fresh bread","Vers brood","Frisches Brot","Pain frais","Pan fresco","Pane fresco","خبز طازج","Taze ekmek","Świeży chleb","Свіжий хліб","Fresh bread","multi","","C_FOOD_BREAD",""
"321","Universal Concept","CAT_RESTAURANT","A1","صورتحساب لطفاً","Check, please","Mag ik de rekening?","Die Rechnung, bitte","L'addition, s'il vous plaît","La cuenta, por favor","Il conto, per favore","الحساب من فضلك","Hesap lütfen","Rachunek poproszę","Рахунок, будь ласка","The bill, please","multi","","C_REST_BILL",""
"322","Universal Concept","CAT_RESTAURANT","A1","منوی رستوران","Dinner menu","Het menu","Die Speisekarte","Le menu du restaurant","El menú del restaurante","Il menù del ristorante","قائمة الطعام","Yemek menüsü","Menu restauracji","Меню ресторану","Restaurant menu","multi","","C_REST_MENU",""
"323","Universal Concept","CAT_TRAVEL","A2","فرودگاه بین‌المللی","International airport","Internationale luchthaven","Internationaler Flughafen","Aéroport international","Aeropuerto internacional","Aeroporto internazionale","مطار دولي","Uluslararası havalimanı","Międzynarodowe lotnisko","Міжнародний аеропорт","International airport","multi","","C_TRAVEL_AIRPORT",""
"324","Universal Concept","CAT_TRAVEL","A2","ایستگاه مرکزی قطار","Central station","Centraal Station","Hauptbahnhof","Gare centrale","Estación central de tren","Stazione centrale","محطة القطار المركزية","Merkez tren istasyonu","Dworzec Główny","Центральний залізничний вокзал","Central train station","multi","","C_TRAVEL_STATION",""
"325","Universal Concept","CAT_SHOPPING","A2","تخفیف ویژه فروشگاه","Special sale discount","Speciale winkelkorting","Besonderer Rabatt","Réduction spéciale","Descuento especial","Sconto speciale","خصم خاص بالمتجر","Özel mağaza indirimi","Specjalny rabat","Спеціальна знижка","Special store discount","multi","","C_SHOPPING_DISCOUNT",""
"326","Universal Concept","CAT_WORK","B1","جلسه کاری فوری","Urgent business meeting","Dringende werkbespreking","Dringendes Meeting","Réunion de travail urgente","Reunión de trabajo urgente","Riunione di lavoro urgente","اجتماع عمل عاجل","Acil iş toplantısı","Pilne spotkanie biznesowe","Термінова робоча нарада","Urgent business meeting","multi","","C_WORK_MEETING",""
"327","Universal Concept","CAT_WORK","B2","همکاری موفقیت‌آمیز","Successful collaboration","Succesvolle samenwerking","Erfolgreiche Zusammenarbeit","Collaboration fructueuse","Colaboración exitosa","Collaborazione di successo","تعاون ناجح ومثمر","Başarılı işbirliği","Owocna współpraca","Успішна співпраця","Successful collaboration","multi","","C_WORK_COLLAB",""
"328","Universal Concept","CAT_SMALLTALK","B1","گپ دوستانه عصرانه","Afternoon coffee chat","Gezellige koffieklets","Gemütliche Kaffeepause","Pause café conviviale","Charla de café con amigos","Chiacchierata davanti a un caffè","دردشة قهوة ودية","Kahve eşliğinde sohbet","Pogawędka przy kawie","Дружня розмова за кавою","Afternoon coffee chat","multi","","C_SMALLTALK_COFFEE",""
"329","Universal Concept","CAT_HEALTH","A2","بخش اورژانس بیمارستان","Emergency room","Spoedeisende hulp (SEH)","Notaufnahme","Service des urgences","Sala de urgencias","Pronto soccorso","قسم الطوارئ بالمستشفى","Acil servis bölümü","Szpitalny oddział ratunkowy (SOR)","Відділення невідкладної допомоги","Emergency room department","multi","","C_HEALTH_HOSPITAL",""
"330","Universal Concept","CAT_EVERYDAY","A1","کلید خانه","House key","Huissleutel","Hausschlüssel","Clé de maison","Llave de casa","Chiave di casa","مفتاح المنزل","Ev anahtarı","Klucz do domu","Ключ від дому","House key","multi","","C_EVERYDAY_KEY",""