"Row_ID","Item_ID","Category_Topic","CEFR_Level","Content_Type","Grammar_Point","Hint_FA","Persian_(fa)","English_(en)","Dutch_(nl)","German_(de)","French_(fr)","Spanish_(es)","Italian_(it)","Arabic_(ar)","Turkish_(tr)","Kurdish_(ku)","Azerbaijani_(az)","Russian_(ru)","Portuguese_(pt)","Swedish_(sv)","Norwegian_(no)","Danish_(da)","Finnish_(fi)","Polish_(pl)","Ukrainian_(uk)","Greek_(el)","Czech_(cs)","Romanian_(ro)","Hungarian_(hu)","Chinese_(zh)","Japanese_(ja)","Korean_(ko)","Hindi_(hi)","Urdu_(ur)"
"1","A1_GREET_01","CAT_SOCIAL","A1","Vocabulary","Salutation formula","عبارت احوالپرسی آغازین هنگام دیدار","سلام","Hello","Hallo","Hallo","Bonjour","Hola","Ciao","مرحبا","Merhaba","سڵاو","Salam","Привет","Olá","Hej","Hei","Hej","Hei","Cześć","Привіт","Γεια σας","Ahoj","Bună","Szia","你好","こんにちは","안녕하세요","नमस्ते","سلام"
"2","A1_GREET_02","CAT_SOCIAL","A1","Vocabulary","Gratitude formula","تشکر و قدردانی مودبانه","متشکرم","Thank you","Dank je wel","Danke","Merci","Gracias","Grazie","شكراً","Teşekkürler","سوپاس","Təşəkkür edirəm","Спасибо","Obrigado","Tack","Takk","Tak","Kiitos","Dziękuję","Дякую","Ευχαριστώ","Děkuji","Mulțumesc","Köszönöm","谢谢","ありがとう","감사합니다","धन्यवाद","شکریہ"
"3","A1_GREET_03","CAT_SOCIAL","A1","Phrase","Morning greeting","سلام و آرزوی خیر در آغاز روز","صبح بخیر","Good morning","Goedemorgen","Guten Morgen","Bonjour","Buenos días","Buongiorno","صباح الخير","Günaydın","بەیانی باش","Sabahınız xeyir","Доброе утро","Bom dia","God morgon","God morgen","Godmorgen","Hyvää huomenta","Dzień dobry","Доброго ранку","Καλημέρα","Dobré ráno","Bună dimineața","Jó reggelt","早上好","おはようございます","좋은 아침이에요","शुभ प्रभात","صبح بخیر"
"4","A1_FOOD_01","CAT_FOOD","A1","Vocabulary","Basic noun","مایه حیات و اصلی‌ترین نوشیدنی","آب","Water","Water","Wasser","Eau","Agua","Acqua","ماء","Su","ئاو","Su","Вода","Água","Vatten","Vann","Vand","Vesi","Woda","Вода","Νερό","Voda","Apă","Víz","水","水","물","पानी","پانی"
"5","A1_FOOD_02","CAT_FOOD","A1","Vocabulary","Basic noun","ماده غذایی اصلی گندمی بر سر سفره","نان","Bread","Brood","Brot","Pain","Pan","Pane","خبز","Ekmek","نان","Çörək","Хлеб","Pão","Bröd","Brød","Brød","Leipä","Chleb","Хліб","Ψωμί","Chléb","Pâine","Kenyér","面包","パン","빵","रोटी","روٹی"
"6","A1_FOOD_03","CAT_FOOD","A1","Vocabulary","Hot beverage","نوشیدنی گرم پرطرفدار دم‌کرده","چای","Tea","Thee","Tee","Thé","Té","Tè","شاي","Çay","چا","Çay","Чай","Chá","Te","Te","Te","Tee","Herbata","Чай","Τσάι","Čaj","Ceai","Tea","茶","お茶","차","चाय","چائے"
"7","A2_REST_01","CAT_RESTAURANT","A2","Phrase","Request polite question","تقاضای صورتحساب در رستوران یا کافه","صورتحساب لطفاً","The bill, please","De rekening, alstublieft","Die Rechnung, bitte","L'addition, s'il vous plaît","La cuenta, por favor","Il conto, per favore","الفاتورة من فضلك","Hesap lütfen","حیسابەکە بێ زەحمەت","Hesab zəhmət olmasa","Счёт, пожалуйста","A conta, por favor","Notan, tack","Regningen, takk","Regningen, tak","Lasku, kiitos","Rachunek, poproszę","Рахунок, будь ласка","Το λογαριασμό, παρακαλώ","Účet, prosím","Nota de plată, vă rog","A számlát, kérem","请买单","お会計をお願いします","계산서 부탁합니다","बिल, कृपया","بل، برائے مہربانی"
"8","A2_TRAVEL_01","CAT_TRAVEL","A2","Sentence","Location inquiry","پرسش درباره محل ایستگاه قطار یا مترو","ایستگاه کجاست؟","Where is the station?","Waar is het station?","Wo ist der Bahnhof?","Où est la gare ?","¿Dónde está la estación?","Dov'è la stazione?","أين المحطة؟","İstasyon nerede?","وێستگە لەکوێیە؟","Stansiya haradadır?","Где станция?","Onde fica a estação?","Var ligger stationen?","Hvor er stasjonen?","Hvor er stationen?","Missä asema on?","Gdzie jest stacja?","Де станція?","Πού είναι ο σταθμός;","Kde je nádraží?","Unde este stația?","Hol van az állomás?","车站站在哪里？","駅はどこですか？","역이 어디에 있나요?","स्टेशन कहाँ है?","اسٹیشن کہاں ہے؟"
"9","A2_SHOP_01","CAT_SHOPPING","A2","Phrase","Price inquiry","پرسیدن قیمت یک کالا","قیمت این چنده؟","How much does this cost?","Hoeveel kost dit?","Wie viel kostet das?","Combien ça coûte ?","¿Cuánto cuesta esto?","Quanto costa questo?","كم سعر هذا؟","Bunun fiyatı ne kadar?","نرخی ئەمە چەندە؟","Bu nə qədərdir?","Сколько это стоит?","Quanto custa isto?","Vad kostar den här?","Hvor mye koster dette?","Hvad koster det?","Paljonko tämä maksaa?","Ile to kosztuje?","Скільки це коштує?","Πόσο κοστίζει αυτό;","Kolik to stojí?","Cât costă acesta?","Mennyibe kerül ez?","这个多少钱？","これはいくらですか？","이것은 얼마인가요?","इसकी कीमत क्या है?","اس کی قیمت کتنی ہے؟"
"10","B1_WORK_01","CAT_WORK","B1","Sentence","Modal polite arrangement","هماهنگ کردن زمان جلسه کاری با همکار","می‌توانیم فردا جلسه‌ای داشته باشیم؟","Can we schedule a meeting tomorrow?","Kunnen we morgen een vergadering plannen?","Können wir morgen ein Meeting planen?","Pouvons-nous organiser une réunion demain ?","¿Podemos programar una reunión mañana?","Possiamo fissare una riunione domani?","هل يمكننا تحديد موعد لاجتماع غداً؟","Yarın bir toplantı ayarlayabilir miyiz?","دەتوانین سبەی کۆبوونەوەیەک ڕێکبخەین؟","Sabah görüş təyin edə bilərikmi?","Можем ли мы запланировать встречу на завтра?","Podemos agendar uma reunião amanhã?","Kan vi boka ett möte imorgon?","Kan vi avtale et møte i morgen?","Kan vi aftale et møde i morgen?","Voimmeko sopia kokouksen huomiseksi?","Czy możemy zaplanować spotkanie na jutro?","Чи можемо ми призначити зустріч на завтра?","Μπορούμε να προγραμματίσουμε μια συνάντηση αύριο;","Můžeme si naplánovat schůzku na zítra?","Putem programa o întâlnire mâine?","Tervezhetünk holnapra egy megbeszélést?","我们明天能安排一次会议吗？","明日ミーティングを予定できますか？","내일 회의 일정을 잡을 수 있을까요?","क्या हम कल एक बैठक तय कर सकते हैं?","کیا ہم کل ایک میٹنگ کا وقت طے کر سکتے ہیں؟"
"11","B1_OPIN_01","CAT_OPINION","B1","Phrase","Stating viewpoint","بیان دیدگاه و باور شخصی در گفتگو","به نظر من، این ایده بسیار خوبی است","In my opinion, this is a great idea","Naar mijn mening is dit een geweldig idee","Meiner Meinung nach ist das eine großartige Idee","À mon avis, c’est une excellente idée","En mi opinión, es una excelente idea","A mio parere, è un’ottima idea","في رأيي، هذه فكرة ممتازة","Bence bu harika bir fikir","بە بڕوای من، ئەمە بیرۆکەیەکی زۆر باشە","Məncə, bu əla fikirdir","По моему мнению, это отличная идея","Na minha opinião, esta é uma ótima ideia","Enligt min mening är detta en bra idé","Etter min mening er dette en flott idé","Efter min mening er dette en fremragende idé","Mielestäni tämä on loistava idea","Moim zdaniem to świetny pomysł","На мою думку, це чудова ідея","Κατά τη γνώμη μου, αυτή είναι μια εξαιρετική ιδέα","Podle mého názoru je to skvělý nápad","După părerea mea, este o idee excelentă","Véleményem szerint ez egy nagyszerű ötlet","在我看来，这是一个极好的主意","私の意見では、これは素晴らしいアイデアです","내 생각에는 이것은 훌륭한 아이디어입니다","मेरी राय में, यह एक बहुत अच्छा विचार है","میری رائے میں، یہ ایک بہترین خیال ہے"
"12","B2_COMPLEX_01","CAT_SOCIETY","B2","Sentence","Cause and effect balancing","ایجاد تعادل میان پیشرفت اقتصادی و پایداری محیط زیست","ما باید میان رشد اقتصادی و حفاظت از محیط زیست تعادل برقرار کنیم","We must strike a balance between economic growth and environmental protection","We moeten een evenwicht vinden tussen economische groei en milieubescherming","Wir müssen ein Gleichgewicht zwischen Wirtschaftswachstum und Umweltschutz finden","Nous devons trouver un équilibre entre croissance économique et protection de l’environnement","Debemos encontrar un equilibrio entre el crecimiento económico y la protección ambiental","Dobbiamo trovare un equilibrio tra crescita economica e tutela ambientale","يجب أن نحقق توازناً بين النمو الاقتصادي وحماية البيئة","Ekonomik büyüme ile çevrenin korunması arasında bir denge kurmalıyız","دەبێت هاوسەنگییەک لەنێوان گەشەی ئابووری و پاراستنی ژینگەدا دروست بکەین","İqtisadi artım ilə ətraf mühitin mühafizəsi arasında balans yaratmalıyıq","Мы должны найти баланс между экономическим ростом и защитой окружающей среды","Devemos encontrar um equilíbrio entre o crescimento económico e a proteção ambiental","Vi måste hitta en balans mellan ekonomisk tillväxt och miljöskydd","Vi må finne en balanse mellom økonomisk vekst og miljøvern","Vi skal finde en balance mellem økonomisk vækst og miljøbeskyttelse","Meidän on löydettävä tasapaino talouskasvun ja ympäristönsuojelun välillä","Musimy znaleźć równowagę między wzrostem gospodarczym a ochroną środowiska","Ми повинні знайти баланс між економічним зростанням та захистом довкілля","Πρέπει να βρούμε μια ισορροπία μεταξύ της οικονομικής ανάπτυξης και της προστασίας του περιβάλλοντος","Musíme najít rovnováhu mezi hospodářským růstem a ochranou životního prostředí","Trebuie să găsim un echilibru între creșterea economică și protecția mediului","Egyensúlyt kell teremtenünk a gazdasági növekedés és a környezetvédelem között","我们必须在经济增长与环境保护之间取得平衡","私たちは経済成長と環境保護のバランスを取らなければなりません","우리는 경제 성장과 환경 보호 사이에서 균형을 잡아야 합니다","हमें आर्थिक विकास और पर्यावरण संरक्षण के बीच संतुलन बनाना चाहिए","ہمیں معاشی ترقی اور ماحولیاتی تحفظ کے درمیان توازن قائم کرنا چاہیے"
"13","C1_FORMAL_01","CAT_POLITICS","C1","Phrase","Abstract noun nominalization","از دست رفتن تدریجی باور و اطمینان شهروندان به نهادها","فرسایش اعتماد عمومی","the erosion of public trust","de uitholling van het publieke vertrouwen","die Erosion des öffentlichen Vertrauens","l'érosion de la confiance publique","la pérdida de confianza pública","la perdita di fiducia pubblica","تآكل الثقة العامة","kamuoyu güveninin aşınması","داخورانی متمانەی گشتی","ictimai etimadın aşınması","подрыв общественного доверия","a erosão da confiança pública","urholkningen av allmänhetens förtroende","svekkingen av allmennhetens tillit","undergravningen af offentlighedens tillid","julkisen luottamuksen mureneminen","erozja zaufania publicznego","підрив суспільної довіри","η διάβρωση της εμπιστοσύνης του κοινού","eroze důvěry veřejnosti","erodarea încrederii publice","a közbizalom megrendülése","公众信任的削弱","国民の信頼の低下","대중의 신뢰 약화","जनता के विश्वास का क्षरण","عوامی اعتماد کا زوال"
"14","C1_FORMAL_02","CAT_RESEARCH","C1","Phrase","Institutional reporting collocations","نتایج اولیه گزارش یک کارگروه یا کمیته تحقیق","یافته‌های موقت کمیته","the committee's interim findings","de tussentijdse bevindingen van de commissie","die vorläufigen Ergebnisse des Ausschusses","les conclusions provisoires de la commission","las conclusiones provisionales de la comisión","le conclusioni provvisorie della commissione","النتائج الأولية للجنة","komitenin ara bulguları","دەرئەنجامە کاتییەکانی لێژنەکە","komitənin aralıq nəticələri","промежуточные выводы комиссии","as conclusões intercalares do comité","kommitténs delbetänkande","komiteens foreløpige funn","udvalgets foreløbige konklusioner","valiokunnan välitulokset","wstępne ustalenia komisji","проміжні висновки комітету","τα ενδιάμεσα πορίσματα της επιτροπής","předběžná zjištění výboru","concluziile preliminare ale comisiei","a bizottság időközi megállapításai","委员会的中期调查结果","委員会の暫定的な調査結果","위원회의 중간 조사 결과","समिति के अंतरिम निष्कर्ष","کمیٹی کے عبوری نتائج"
"15","C2_IDIOM_01","CAT_PHILOSOPHY","C2","Idiom","Proverbial metaphorical wisdom","تلاش یا امید در دشوارترین و تاریک‌ترین شرایط","پایان شب سیه سپید است (همیشه امیدی هست)","Every cloud has a silver lining","Achter de wolken schijnt de zon","Auf Regen folgt Sonnenschein","Après la pluie, le beau temps","No hay mal que por bien no venga","Non tutto il male viene per nuocere","إن مع العسر يسراً (لكل ليل فجر)","Her gecenin bir sabahı vardır","دوای هەموو تاریکییەک ڕووناکی دێت","Hər qaranlıq gecənin bir nurlu səhəri var","Нет худа без добра","Há males que vêm por bem","Efter regn kommer solsken","Det er aldri så galt at det ikke er godt for noe","Efter regn kommer solskin","Ei niin pahaa, ettei jotain hyvääkin","Nie ma tego złego, co by na dobre nie wyszło","Немає лиха без добра","Κάθε εμπόδιο για καλό","Všechno zlé je k němu dobré","După ploaie vine și soare","Minden rosszban van valami jó","塞翁失马，焉知非福（否极泰来）","苦あれば楽あり（雨降って地固まる）","고진감래 (고생 끝에 낙이 온다)","हर अंधेरी रात के बाद सवेरा होता है","ہر رات کے بعد سویرا ہوتا ہے"
"16","C2_IDIOM_02","CAT_RHETORIC","C2","Phrase","Rhetorical superlative metaphor","نقطه عطف غیرقابل بازگشت و اوج سرنوشت‌ساز","نقطه عطف بازگشت‌ناپذیر","the point of no return (crossing the Rubicon)","het punt van geen terugkeer (de Rubicon oversteken)","der Punkt ohne Wiederkehr (den Rubikon überschreiten)","le point de non-retour (franchir le Rubicon)","el punto de no retorno (cruzar el Rubicón)","il punto di non ritorno (varcare il Rubicone)","نقطة اللاعودة (اجتياز الروبيكون)","geri dönüşü olmayan nokta","خاڵی بێ گەڕانەوە","geriyə dönüşü olmayan nöqtə","точка невозврата (перейти Рубикон)","o ponto de não retorno (atravessar o Rubicão)","punkten utan återvändo","punktet uten retur","punktet hvor der ikke er nogen vej tilbage","piste, josta ei ole paluuta","punkt bez powrotu (przekroczyć Rubikon)","точка неповернення (перейти Рубікон)","το σημείο χωρίς επιστροφή (διάβαση του Ρουβίκωνα)","bod odkud není návratu","punctul fără întoarcere (trecerea Rubiconului)","a pont, ahonnan nincs visszaút","破釜沉舟（无可挽回的转折点）","ルビコン川を渡る（後戻りできない地点）","돌아올 수 없는 강을 건너다 (루비콘강을 건너다)","वापसी का कोई रास्ता न होना","واپسی کا راستہ نہ ہونا"
"17","A1_BASIC_01","CAT_SOCIAL","A1","Vocabulary","Affirmative particle","کلمه تایید و پاسخ مثبت","بله","Yes","Ja","Ja","Oui","Sí","Sì","نعم","Evet","بەڵێ","Bəli","Да","Sim","Ja","Ja","Ja","Kyllä","Tak","Так","Ναι","Ano","Da","Igen","是的","はい","네","हाँ","جی ہاں"
"18","A1_BASIC_02","CAT_SOCIAL","A1","Vocabulary","Polite request marker","درخواست مودبانه و خواهش","لطفاً","Please","Alstublieft","Bitte","S'il vous plaît","Por favor","Per favore","رجاءً","Lütfen","تکایە","Zəhmət olmasa","Пожалуйста","Por favor","Snälla","Vær så snill","Vær så venlig","Ole hyvä","Proszę","Будь ласка","Παρακαλώ","Prosím","Vă rog","Kérem","请","お願いします","부탁합니다","कृपया","برائے مہربانی"
"19","A1_GREET_04","CAT_SOCIAL","A1","Phrase","Parting salutation","خداحافظی و بدرود هنگام جدایی","خداحافظ","Goodbye","Tot ziens","Auf Wiedersehen","Au revoir","Adiós","Arrivederci","مع السلامة","Hoşça kal","ماڵئاوا","Sağ olun","До свидания","Adeus","Hej då","Ha det","Farvel","Näkemiin","Do widzenia","До побачення","Αντίο","Na shledanou","La revedere","Viszontlátásra","再见","さようなら","안녕히 가세요","अलविदा","الوداع"
"20","A2_CITY_01","CAT_CITY","A2","Sentence","Inquiry for medical service","پرسش درباره محل نزدیک‌ترین داروخانه","داروخانه کجاست؟","Where is the pharmacy?","Waar is de apotheek?","Wo ist die Apotheke?","Où est la pharmacie ?","¿Dónde está la farmacia?","Dov'è la farmacia?","أين الصيدلية؟","Eczane nerede?","دەرمانخانە لەکوێیە؟","Aptek haradadır?","Где аптека?","Onde fica a farmácia?","Var ligger apoteket?","Hvor er apoteket?","Hvor er apoteket?","Missä apteekki on?","Gdzie jest apteka?","Де аптека?","Πού είναι το φαρμακείο;","Kde je lékárna?","Unde este farmacia?","Hol van a gyógyszertár?","药店在哪里？","薬局はどこですか？","약국이 어디에 있나요?","दवाई की दुकान कहाँ है?","دواخانہ کہاں ہے؟"
"21","A2_SHOP_02","CAT_SHOPPING","A2","Sentence","Electronic payment question","پرداخت هزینه با کارت بانکی","آیا می‌توانم با کارت پرداخت کنم؟","Can I pay by card?","Kan ik met kaart betalen?","Kann ich mit Karte zahlen?","Puis-je payer par carte ?","¿Puedo pagar con tarjeta?","Posso pagare con la carta?","هل يمكنني الدفع بالبطاقة؟","Kartla ödeyebilir miyim?","دەتوانم بە کارت پارە بدەم؟","Kartla ödəyə bilərəmmi?","Могу я оплатить картой?","Posso pagar com cartão?","Kan jag betala med kort?","Kan jeg betale med kort?","Kan jeg betale med kort?","Voinko maksaa kortilla?","Czy mogę zapłacić kartą?","Чи можу я оплатити карткою?","Μπορώ να πληρώσω με κάρτα;","Mohu platit kartou?","Pot plăti cu cardul?","Fizethetek kártyával?","我可以用银行卡付款吗？","カードで支払えますか？","카드로 결제할 수 있나요?","क्या मैं कार्ड से भुगतान कर सकता हूँ?","کیا میں کارڈ کے ذریعے ادائیگی کر سکتا ہوں؟"
"22","B1_HEALTH_01","CAT_HEALTH","B1","Sentence","Expressing physical symptom","احساس درد شدید در ناحیه سر","سردرد شدیدی دارم","I have a severe headache","Ik heb hevige hoofdpijn","Ich habe starke Kopfschmerzen","J'ai un violent mal de tête","Tengo un fuerte dolor de cabeza","Ho un forte mal di testa","لدي صداع حاد","Şiddetli bir baş ağrım var","سەرئێشەیەکی تونم هەیە","Güclü baş ağrım var","У меня сильная головная боль","Tenho uma forte dor de cabeça","Jag har svår huvudvärk","Jeg har sterk hodepine","Jeg har stærk hovedpine","Minulla on kova päänsärky","Mam silny ból głowy","У мене сильний головний біль","Έχω έντονο πονοκέφαλο","Mám silnou bolest hlavy","Am o durere puternică de cap","Erős fejfájásom van","我头疼得很厉害","ひどい頭痛がします","심한 두통이 있어요","मुझे बहुत तेज सिरदर्द है","مجھے شدید سر درد ہے"
"23","B2_ARGUE_01","CAT_SOCIETY","B2","Sentence","Contrastive discourse marker","سنجش روی دیگر سکه و عواقب دوردست","از سوی دیگر، باید پیامدهای بلندمدت را در نظر بگیریم","On the other hand, we must consider the long-term consequences","Aan de andere kant moeten we rekening houden met de gevolgen op lange termijn","Andererseits müssen wir die langfristigen Konsequenzen bedenken","D’autre part, nous devons considérer les conséquences à long terme","Por otra parte, debemos considerar las consecuencias a largo plazo","D’altra parte, dobbiamo considerare le conseguenze a lungo termine","من ناحية أخرى، يجب أن نأخذ في الاعتبار العواقب طويلة المدى","Diğer yandan, uzun vadeli sonuçları dikkate almalıyız","لە لایەکی ترەوە، دەبێت لێکەوتە درێژخایەنەکان لەبەرچاو بگرین","Digər tərəfdən, uzunmüddətli nəticələri nəzərə almalıyıq","С другой стороны, мы должны учитывать долгосрочные последствия","Por outro lado, devemos considerar as consequências a longo prazo","Å andra sidan måste vi beakta de långsiktiga konsekvenserna","På den annen side må vi vurdere de langsiktige konsekvensene","På den anden side må vi overveje de langsigtede konsekvenser","Toisaalta meidän on otettava huomioon pitkän aikavälin seuraukset","Z drugiej strony musimy wziąć pod uwagę długoterminowe konsekwencje","З іншого боку, ми повинні враховувати довгострокові наслідки","Από την άλλη πλευρά, πρέπει να λάβουμε υπόψη τις μακροπρόθεσμες συνέπειες","Na druhou stranu musíme zvážit dlouhodobé důsledky","Pe de altă parte, trebuie să luăm în considerare consecințele pe termen lung","Másrészről figyelembe kell vennünk a hosszú távú következményeket","另一方面，我们必须考虑长期后果","一方で、長期的な結果も考慮しなければなりません","다른 한편으로, 우리는 장기적인 결과를 고려해야 합니다","दूसरी ओर, हमें दीर्घकालिक परिणामों पर विचार करना चाहिए","دوسری طرف، ہمیں طویل مدتی نتائج پر غور کرنا چاہیے"
"24","C1_IDIOM_01","CAT_RHETORIC","C1","Idiom","Metaphorical duality","امری که هم سود دارد و هم می‌تواند به زیان بدل شود","تیغ دولبه (شمشیر دولبه)","a double-edged sword","een tweesnijdend zwaard","ein zweischneidiges Schwert","une épée à double tranchant","un arma de doble filo","un'arma a doppio taglio","سيف ذو حدين","iki ucu keskin kılıç","شمشێری دوودەم","ikibaşlı qılınc","палка о двух концах (обоюдоострый меч)","uma faca de dois gumes","ett tveeggat svärd","et tveegget sverd","et tveægget sværd","kaksiteräinen miekka","miecz obosieczny","палиця на два кінці (двосічний меч)","δίκοπο μαχαίρι","dvousečná zbraň","o sabie cu două tăișuri","kétélű fegyver","双刃剑","諸刃の剣","양날의 검","दोधारी तलवार","دو دھاری تلوار"
"25","C2_METAPHOR_01","CAT_PHILOSOPHY","C2","Idiom","Idiomatic avoidance of obvious truth","مسئله بسیار بزرگ و آشکاری که همه عمداً آن را نادیده می‌گیرند","فیل درون اتاق (مشکل عیان که نادیده گرفته می‌شود)","the elephant in the room","de olifant in de kamer","der Elefant im Raum","l'éléphant au milieu de la pièce","el elefante en la habitación","l'elefante nella stanza","الفيل في الغرفة","odadaki fil","فیلی ناو ژوورەکە","otaqdakı fil","слон в комнате","o elefante na sala","elefanten i rummet","elefanten i rommet","elefanten i rummet","norsu olohuoneessa","słoń w pokoju","слон у кімнаті","ο ελέφαντας στο δωμάτιο","slon v místnosti","elefantul din cameră","a szobában lévő elefánt","房间里的大象","誰も触れたがらない重大な問題（部屋の中の象）","방 안의 코끼리","एक अनदेखी बड़ी समस्या","کمرے میں موجود ہاتھی"
"26","C2_METAPHOR_02","CAT_RHETORIC","C2","Phrase","Classical mythical vulnerability","نقطه ضعف حساس، کاری و آسیب‌پذیر","پاشنه آشیل (نقطه ضعف حساس)","Achilles' heel","achilleshiel","Achillesferse","le talon d'Achille","el talón de Aquiles","il tallone di Achille","كعب أخيل","Aşil'in topuğu","پاشنەی ئاشیل","Axillesin dabanı","ахиллесова пята","o calcanhar de Aquiles","akilleshäl","akilleshæl","akilleshæl","Akilleen kantapää","pięta achillesowa","ахіллесова п’ята","αχίλλειος πτέρνα","Achillova pata","călcâiul lui Ahile","Akhilleusz sarka","阿喀琉斯之踵（致命弱点）","アキレス腱（最大の弱点）","아킬레스건 (치명적 약점)","सबसे कमजोर पहलू","سب سے کمزور پہلو"